snappath,dataset,para,job,centerx,centery,xlow,xup,ylow,yup
./snap77/lic_snap77.52.03.bmp,77,52,03,24,798,19,29,748,848
./snap77/lic_snap77.52.03.bmp,77,52,03,41,554,36,46,504,604
./snap77/lic_snap77.52.03.bmp,77,52,03,66,550,61,71,500,600
./snap77/lic_snap77.52.03.bmp,77,52,03,93,545,88,98,495,595
./snap77/lic_snap77.52.03.bmp,77,52,03,116,536,111,121,486,586
./snap77/lic_snap77.53.03.bmp,77,53,03,116,536,111,121,486,586
./snap77/lic_snap77.54.03.bmp,77,54,03,116,536,111,121,486,586
./snap77/lic_snap77.55.03.bmp,77,55,03,116,536,111,121,486,586
./snap77/lic_snap77.56.03.bmp,77,56,03,116,536,111,121,486,586
./snap77/lic_snap77.57.03.bmp,77,57,03,116,536,111,121,486,586
./snap77/lic_snap77.58.03.bmp,77,58,03,116,536,111,121,486,586
./snap77/lic_snap77.59.03.bmp,77,59,03,116,536,111,121,486,586
./snap77/lic_snap77.60.03.bmp,77,60,03,116,536,111,121,486,586
./snap77/lic_snap77.61.03.bmp,77,61,03,116,536,111,121,486,586
./snap77/lic_snap77.62.03.bmp,77,62,03,116,536,111,121,486,586
./snap77/lic_snap77.01.04.bmp,77,01,04,116,536,111,121,486,586
./snap77/lic_snap77.02.04.bmp,77,02,04,116,536,111,121,486,586
./snap77/lic_snap77.03.04.bmp,77,03,04,116,536,111,121,486,586
./snap77/lic_snap77.04.04.bmp,77,04,04,116,536,111,121,486,586
./snap77/lic_snap77.05.04.bmp,77,05,04,116,536,111,121,486,586
./snap77/lic_snap77.06.04.bmp,77,06,04,116,536,111,121,486,586
./snap77/lic_snap77.07.04.bmp,77,07,04,116,536,111,121,486,586
./snap77/lic_snap77.08.04.bmp,77,08,04,116,536,111,121,486,586
./snap77/lic_snap77.09.04.bmp,77,09,04,116,536,111,121,486,586
./snap77/lic_snap77.10.04.bmp,77,10,04,116,536,111,121,486,586
./snap77/lic_snap77.11.04.bmp,77,11,04,116,536,111,121,486,586
./snap77/lic_snap77.12.04.bmp,77,12,04,116,536,111,121,486,586
./snap77/lic_snap77.13.04.bmp,77,13,04,116,536,111,121,486,586
./snap77/lic_snap77.14.04.bmp,77,14,04,116,536,111,121,486,586
./snap77/lic_snap77.15.04.bmp,77,15,04,116,536,111,121,486,586
./snap77/lic_snap77.16.04.bmp,77,16,04,116,536,111,121,486,586
./snap77/lic_snap77.18.04.bmp,77,18,04,116,536,111,121,486,586
./snap77/lic_snap77.19.04.bmp,77,19,04,116,536,111,121,486,586
./snap77/lic_snap77.20.04.bmp,77,20,04,116,536,111,121,486,586
./snap77/lic_snap77.21.04.bmp,77,21,04,116,536,111,121,486,586
./snap77/lic_snap77.22.04.bmp,77,22,04,116,536,111,121,486,586
./snap77/lic_snap77.23.04.bmp,77,23,04,116,536,111,121,486,586
./snap77/lic_snap77.24.04.bmp,77,24,04,116,536,111,121,486,586
./snap77/lic_snap77.25.04.bmp,77,25,04,116,536,111,121,486,586
./snap77/lic_snap77.26.04.bmp,77,26,04,116,536,111,121,486,586
./snap77/lic_snap77.27.04.bmp,77,27,04,116,536,111,121,486,586
./snap77/lic_snap77.27.04.bmp,77,27,04,185,545,180,190,495,595
./snap77/lic_snap77.26.04.bmp,77,26,04,185,545,180,190,495,595
./snap77/lic_snap77.25.04.bmp,77,25,04,185,545,180,190,495,595
./snap77/lic_snap77.24.04.bmp,77,24,04,185,545,180,190,495,595
./snap77/lic_snap77.23.04.bmp,77,23,04,185,545,180,190,495,595
./snap77/lic_snap77.22.04.bmp,77,22,04,185,545,180,190,495,595
./snap77/lic_snap77.21.04.bmp,77,21,04,185,545,180,190,495,595
./snap77/lic_snap77.20.04.bmp,77,20,04,185,545,180,190,495,595
./snap77/lic_snap77.19.04.bmp,77,19,04,185,545,180,190,495,595
./snap77/lic_snap77.18.04.bmp,77,18,04,185,545,180,190,495,595
./snap77/lic_snap77.17.04.bmp,77,17,04,185,545,180,190,495,595
./snap77/lic_snap77.16.04.bmp,77,16,04,185,545,180,190,495,595
./snap77/lic_snap77.15.04.bmp,77,15,04,185,545,180,190,495,595
./snap77/lic_snap77.13.04.bmp,77,13,04,185,545,180,190,495,595
./snap77/lic_snap77.12.04.bmp,77,12,04,185,545,180,190,495,595
./snap77/lic_snap77.11.04.bmp,77,11,04,185,545,180,190,495,595
./snap77/lic_snap77.10.04.bmp,77,10,04,185,545,180,190,495,595
./snap77/lic_snap77.09.04.bmp,77,09,04,185,545,180,190,495,595
./snap77/lic_snap77.07.04.bmp,77,07,04,185,545,180,190,495,595
./snap77/lic_snap77.26.04.bmp,77,26,04,72,527,67,77,477,577
./snap77/lic_snap77.27.04.bmp,77,27,04,72,527,67,77,477,577
./snap77/lic_snap77.28.04.bmp,77,28,04,72,527,67,77,477,577
./snap77/lic_snap77.29.04.bmp,77,29,04,72,527,67,77,477,577
./snap77/lic_snap77.30.04.bmp,77,30,04,72,527,67,77,477,577
./snap77/lic_snap77.31.04.bmp,77,31,04,72,527,67,77,477,577
./snap77/lic_snap77.32.04.bmp,77,32,04,72,527,67,77,477,577
./snap77/lic_snap77.33.04.bmp,77,33,04,72,527,67,77,477,577
./snap77/lic_snap77.34.04.bmp,77,34,04,72,527,67,77,477,577
./snap77/lic_snap77.35.04.bmp,77,35,04,72,527,67,77,477,577
./snap77/lic_snap77.36.04.bmp,77,36,04,72,527,67,77,477,577
./snap77/lic_snap77.37.04.bmp,77,37,04,72,527,67,77,477,577
./snap77/lic_snap77.38.04.bmp,77,38,04,72,527,67,77,477,577
./snap77/lic_snap77.39.04.bmp,77,39,04,72,527,67,77,477,577
./snap77/lic_snap77.40.04.bmp,77,40,04,72,527,67,77,477,577
./snap77/lic_snap77.41.04.bmp,77,41,04,72,527,67,77,477,577
./snap77/lic_snap77.42.04.bmp,77,42,04,72,527,67,77,477,577
./snap77/lic_snap77.43.04.bmp,77,43,04,72,527,67,77,477,577
./snap77/lic_snap77.44.04.bmp,77,44,04,72,527,67,77,477,577
./snap77/lic_snap77.44.04.bmp,77,44,04,97,538,92,102,488,588
./snap77/lic_snap77.43.04.bmp,77,43,04,97,538,92,102,488,588
./snap77/lic_snap77.42.04.bmp,77,42,04,97,538,92,102,488,588
./snap77/lic_snap77.41.04.bmp,77,41,04,97,538,92,102,488,588
./snap77/lic_snap77.40.04.bmp,77,40,04,97,538,92,102,488,588
./snap77/lic_snap77.39.04.bmp,77,39,04,97,538,92,102,488,588
./snap77/lic_snap77.38.04.bmp,77,38,04,97,538,92,102,488,588
./snap77/lic_snap77.37.04.bmp,77,37,04,97,538,92,102,488,588
./snap77/lic_snap77.36.04.bmp,77,36,04,97,538,92,102,488,588
./snap77/lic_snap77.34.04.bmp,77,34,04,97,538,92,102,488,588
./snap77/lic_snap77.33.04.bmp,77,33,04,97,538,92,102,488,588
./snap77/lic_snap77.32.04.bmp,77,32,04,97,538,92,102,488,588
./snap77/lic_snap77.31.04.bmp,77,31,04,97,538,92,102,488,588
./snap77/lic_snap77.30.04.bmp,77,30,04,97,538,92,102,488,588
./snap77/lic_snap77.29.04.bmp,77,29,04,97,538,92,102,488,588
./snap77/lic_snap77.28.04.bmp,77,28,04,97,538,92,102,488,588
./snap77/lic_snap77.27.04.bmp,77,27,04,97,538,92,102,488,588
./snap77/lic_snap77.26.04.bmp,77,26,04,97,538,92,102,488,588
./snap77/lic_snap77.25.04.bmp,77,25,04,97,538,92,102,488,588
./snap77/lic_snap77.24.04.bmp,77,24,04,97,538,92,102,488,588
./snap77/lic_snap77.23.04.bmp,77,23,04,118,536,113,123,486,586
./snap77/lic_snap77.24.04.bmp,77,24,04,118,536,113,123,486,586
./snap77/lic_snap77.25.04.bmp,77,25,04,118,536,113,123,486,586
./snap77/lic_snap77.26.04.bmp,77,26,04,118,536,113,123,486,586
./snap77/lic_snap77.27.04.bmp,77,27,04,118,536,113,123,486,586
./snap77/lic_snap77.28.04.bmp,77,28,04,118,536,113,123,486,586
./snap77/lic_snap77.29.04.bmp,77,29,04,118,536,113,123,486,586
./snap77/lic_snap77.30.04.bmp,77,30,04,118,536,113,123,486,586
./snap77/lic_snap77.31.04.bmp,77,31,04,118,536,113,123,486,586
./snap77/lic_snap77.32.04.bmp,77,32,04,118,536,113,123,486,586
./snap77/lic_snap77.33.04.bmp,77,33,04,118,536,113,123,486,586
./snap77/lic_snap77.34.04.bmp,77,34,04,118,536,113,123,486,586
./snap77/lic_snap77.35.04.bmp,77,35,04,118,536,113,123,486,586
./snap77/lic_snap77.36.04.bmp,77,36,04,118,536,113,123,486,586
./snap77/lic_snap77.37.04.bmp,77,37,04,118,536,113,123,486,586
./snap77/lic_snap77.38.04.bmp,77,38,04,118,536,113,123,486,586
./snap77/lic_snap77.39.04.bmp,77,39,04,118,536,113,123,486,586
./snap77/lic_snap77.40.04.bmp,77,40,04,118,536,113,123,486,586
./snap77/lic_snap77.41.04.bmp,77,41,04,118,536,113,123,486,586
./snap77/lic_snap77.42.04.bmp,77,42,04,118,536,113,123,486,586
./snap77/lic_snap77.43.04.bmp,77,43,04,118,536,113,123,486,586
./snap77/lic_snap77.44.04.bmp,77,44,04,118,536,113,123,486,586
./snap77/lic_snap77.45.04.bmp,77,45,04,118,536,113,123,486,586
./snap77/lic_snap77.45.04.bmp,77,45,04,164,539,159,169,489,589
./snap77/lic_snap77.46.04.bmp,77,46,04,164,539,159,169,489,589
./snap77/lic_snap77.47.04.bmp,77,47,04,164,539,159,169,489,589
./snap77/lic_snap77.48.04.bmp,77,48,04,164,539,159,169,489,589
./snap77/lic_snap77.49.04.bmp,77,49,04,164,539,159,169,489,589
./snap77/lic_snap77.50.04.bmp,77,50,04,164,539,159,169,489,589
./snap77/lic_snap77.51.04.bmp,77,51,04,164,539,159,169,489,589
./snap77/lic_snap77.52.04.bmp,77,52,04,164,539,159,169,489,589
./snap77/lic_snap77.53.04.bmp,77,53,04,164,539,159,169,489,589
./snap77/lic_snap77.54.04.bmp,77,54,04,164,539,159,169,489,589
./snap77/lic_snap77.55.04.bmp,77,55,04,164,539,159,169,489,589
./snap77/lic_snap77.56.04.bmp,77,56,04,164,539,159,169,489,589
./snap77/lic_snap77.57.04.bmp,77,57,04,164,539,159,169,489,589
./snap77/lic_snap77.58.04.bmp,77,58,04,164,539,159,169,489,589
./snap77/lic_snap77.59.04.bmp,77,59,04,138,552,133,143,502,602
./snap77/lic_snap77.58.04.bmp,77,58,04,138,552,133,143,502,602
./snap77/lic_snap77.57.04.bmp,77,57,04,138,552,133,143,502,602
./snap77/lic_snap77.56.04.bmp,77,56,04,138,552,133,143,502,602
./snap77/lic_snap77.55.04.bmp,77,55,04,138,552,133,143,502,602
./snap77/lic_snap77.54.04.bmp,77,54,04,138,552,133,143,502,602
./snap77/lic_snap77.53.04.bmp,77,53,04,138,552,133,143,502,602
./snap77/lic_snap77.52.04.bmp,77,52,04,138,419,133,143,369,469
./snap77/lic_snap77.51.04.bmp,77,51,04,138,419,133,143,369,469
./snap77/lic_snap77.50.04.bmp,77,50,04,138,419,133,143,369,469
./snap77/lic_snap77.49.04.bmp,77,49,04,138,419,133,143,369,469
./snap77/lic_snap77.48.04.bmp,77,48,04,138,419,133,143,369,469
./snap77/lic_snap77.47.04.bmp,77,47,04,138,419,133,143,369,469
./snap77/lic_snap77.46.04.bmp,77,46,04,138,419,133,143,369,469
./snap77/lic_snap77.44.04.bmp,77,44,04,138,419,133,143,369,469
./snap77/lic_snap77.45.04.bmp,77,45,04,138,419,133,143,369,469
./snap77/lic_snap77.43.04.bmp,77,43,04,138,419,133,143,369,469
./snap77/lic_snap77.42.04.bmp,77,42,04,138,419,133,143,369,469
./snap77/lic_snap77.42.04.bmp,77,42,04,54,714,49,59,664,764
./snap77/lic_snap77.41.04.bmp,77,41,04,54,714,49,59,664,764
./snap77/lic_snap77.40.04.bmp,77,40,04,54,714,49,59,664,764
./snap77/lic_snap77.39.04.bmp,77,39,04,54,714,49,59,664,764
./snap77/lic_snap77.38.04.bmp,77,38,04,54,714,49,59,664,764
./snap77/lic_snap77.37.04.bmp,77,37,04,54,714,49,59,664,764
./snap77/lic_snap77.36.04.bmp,77,36,04,54,714,49,59,664,764
./snap77/lic_snap77.35.04.bmp,77,35,04,54,714,49,59,664,764
./snap77/lic_snap77.34.04.bmp,77,34,04,54,714,49,59,664,764
./snap77/lic_snap77.33.04.bmp,77,33,04,54,714,49,59,664,764
./snap77/lic_snap77.32.04.bmp,77,32,04,54,714,49,59,664,764
./snap77/lic_snap77.31.04.bmp,77,31,04,54,714,49,59,664,764
./snap77/lic_snap77.30.04.bmp,77,30,04,54,714,49,59,664,764
./snap77/lic_snap77.29.04.bmp,77,29,04,54,714,49,59,664,764
./snap77/lic_snap77.28.04.bmp,77,28,04,54,714,49,59,664,764
./snap77/lic_snap77.27.04.bmp,77,27,04,54,714,49,59,664,764
./snap77/lic_snap77.26.04.bmp,77,26,04,191,529,186,196,479,579
./snap77/lic_snap77.25.04.bmp,77,25,04,191,529,186,196,479,579
./snap77/lic_snap77.24.04.bmp,77,24,04,191,529,186,196,479,579
./snap77/lic_snap77.23.04.bmp,77,23,04,191,529,186,196,479,579
./snap77/lic_snap77.22.04.bmp,77,22,04,191,529,186,196,479,579
./snap77/lic_snap77.21.04.bmp,77,21,04,191,529,186,196,479,579
./snap77/lic_snap77.20.04.bmp,77,20,04,191,529,186,196,479,579
./snap77/lic_snap77.19.04.bmp,77,19,04,191,529,186,196,479,579
./snap77/lic_snap77.18.04.bmp,77,18,04,191,529,186,196,479,579
./snap77/lic_snap77.17.04.bmp,77,17,04,191,529,186,196,479,579
./snap77/lic_snap77.16.04.bmp,77,16,04,191,529,186,196,479,579
./snap77/lic_snap77.15.04.bmp,77,15,04,191,529,186,196,479,579
./snap77/lic_snap77.14.04.bmp,77,14,04,94,530,89,99,480,580
./snap77/lic_snap77.18.04.bmp,77,18,04,94,530,89,99,480,580
./snap77/lic_snap77.19.04.bmp,77,19,04,94,530,89,99,480,580
./snap77/lic_snap77.20.04.bmp,77,20,04,94,530,89,99,480,580
./snap77/lic_snap77.20.04.bmp,77,20,04,223,527,218,228,477,577
./snap77/lic_snap77.21.04.bmp,77,21,04,223,527,218,228,477,577
./snap77/lic_snap77.22.04.bmp,77,22,04,223,527,218,228,477,577
./snap77/lic_snap77.23.04.bmp,77,23,04,223,527,218,228,477,577
./snap77/lic_snap77.24.04.bmp,77,24,04,223,527,218,228,477,577
./snap77/lic_snap77.25.04.bmp,77,25,04,223,527,218,228,477,577
./snap77/lic_snap77.26.04.bmp,77,26,04,223,527,218,228,477,577
./snap77/lic_snap77.27.04.bmp,77,27,04,223,527,218,228,477,577
./snap77/lic_snap77.28.04.bmp,77,28,04,223,527,218,228,477,577
./snap77/lic_snap77.29.04.bmp,77,29,04,223,527,218,228,477,577
./snap77/lic_snap77.30.04.bmp,77,30,04,223,527,218,228,477,577
./snap77/lic_snap77.31.04.bmp,77,31,04,223,527,218,228,477,577
./snap77/lic_snap77.32.04.bmp,77,32,04,223,527,218,228,477,577
./snap77/lic_snap77.33.04.bmp,77,33,04,223,527,218,228,477,577
./snap77/lic_snap77.34.04.bmp,77,34,04,223,527,218,228,477,577
./snap77/lic_snap77.35.04.bmp,77,35,04,223,527,218,228,477,577
./snap77/lic_snap77.36.04.bmp,77,36,04,223,527,218,228,477,577
./snap77/lic_snap77.39.04.bmp,77,39,04,223,527,218,228,477,577
./snap77/lic_snap77.38.04.bmp,77,38,04,223,527,218,228,477,577
./snap77/lic_snap77.37.04.bmp,77,37,04,223,527,218,228,477,577
./snap77/lic_snap77.40.04.bmp,77,40,04,223,527,218,228,477,577
./snap77/lic_snap77.41.04.bmp,77,41,04,223,527,218,228,477,577
./snap77/lic_snap77.42.04.bmp,77,42,04,223,527,218,228,477,577
./snap77/lic_snap77.43.04.bmp,77,43,04,223,527,218,228,477,577
./snap77/lic_snap77.44.04.bmp,77,44,04,223,527,218,228,477,577
./snap77/lic_snap77.45.04.bmp,77,45,04,116,203,111,121,153,253
./snap77/lic_snap77.46.04.bmp,77,46,04,116,203,111,121,153,253
./snap77/lic_snap77.47.04.bmp,77,47,04,116,203,111,121,153,253
./snap77/lic_snap77.48.04.bmp,77,48,04,116,203,111,121,153,253
./snap77/lic_snap77.49.04.bmp,77,49,04,116,203,111,121,153,253
./snap77/lic_snap77.51.04.bmp,77,51,04,116,203,111,121,153,253
./snap77/lic_snap77.52.04.bmp,77,52,04,116,203,111,121,153,253
./snap77/lic_snap77.53.04.bmp,77,53,04,116,203,111,121,153,253
./snap77/lic_snap77.54.04.bmp,77,54,04,116,203,111,121,153,253
./snap77/lic_snap77.55.04.bmp,77,55,04,116,203,111,121,153,253
./snap77/lic_snap77.56.04.bmp,77,56,04,116,203,111,121,153,253
./snap77/lic_snap77.57.04.bmp,77,57,04,116,203,111,121,153,253
./snap77/lic_snap77.58.04.bmp,77,58,04,116,203,111,121,153,253
./snap77/lic_snap77.59.04.bmp,77,59,04,116,203,111,121,153,253
./snap77/lic_snap77.60.04.bmp,77,60,04,116,203,111,121,153,253
./snap77/lic_snap77.61.04.bmp,77,61,04,116,203,111,121,153,253
./snap77/lic_snap77.62.04.bmp,77,62,04,116,203,111,121,153,253
./snap77/lic_snap77.01.05.bmp,77,01,05,116,203,111,121,153,253
./snap77/lic_snap77.02.05.bmp,77,02,05,116,203,111,121,153,253
./snap77/lic_snap77.03.05.bmp,77,03,05,116,203,111,121,153,253
./snap77/lic_snap77.04.05.bmp,77,04,05,116,203,111,121,153,253
./snap77/lic_snap77.05.05.bmp,77,05,05,65,849,60,70,799,899
./snap77/lic_snap77.06.05.bmp,77,06,05,65,849,60,70,799,899
./snap77/lic_snap77.07.05.bmp,77,07,05,65,849,60,70,799,899
./snap77/lic_snap77.08.05.bmp,77,08,05,65,849,60,70,799,899
./snap77/lic_snap77.09.05.bmp,77,09,05,65,849,60,70,799,899
./snap77/lic_snap77.10.05.bmp,77,10,05,65,849,60,70,799,899
./snap77/lic_snap77.11.05.bmp,77,11,05,65,849,60,70,799,899
./snap77/lic_snap77.12.05.bmp,77,12,05,65,849,60,70,799,899
./snap77/lic_snap77.13.05.bmp,77,13,05,65,849,60,70,799,899
./snap77/lic_snap77.14.05.bmp,77,14,05,65,849,60,70,799,899
./snap77/lic_snap77.15.05.bmp,77,15,05,65,849,60,70,799,899
./snap77/lic_snap77.16.05.bmp,77,16,05,65,849,60,70,799,899
./snap77/lic_snap77.17.05.bmp,77,17,05,65,849,60,70,799,899
./snap77/lic_snap77.18.05.bmp,77,18,05,106,548,101,111,498,598
./snap77/lic_snap77.19.05.bmp,77,19,05,106,548,101,111,498,598
./snap77/lic_snap77.20.05.bmp,77,20,05,106,548,101,111,498,598
./snap77/lic_snap77.21.05.bmp,77,21,05,106,548,101,111,498,598
./snap77/lic_snap77.22.05.bmp,77,22,05,106,548,101,111,498,598
./snap77/lic_snap77.21.05.bmp,77,21,05,106,548,101,111,498,598
./snap77/lic_snap77.20.05.bmp,77,20,05,106,548,101,111,498,598
./snap77/lic_snap77.19.05.bmp,77,19,05,106,548,101,111,498,598
./snap77/lic_snap77.18.05.bmp,77,18,05,106,548,101,111,498,598
./snap77/lic_snap77.17.05.bmp,77,17,05,121,417,116,126,367,467
./snap77/lic_snap77.16.05.bmp,77,16,05,121,417,116,126,367,467
./snap77/lic_snap77.15.05.bmp,77,15,05,121,417,116,126,367,467
./snap77/lic_snap77.14.05.bmp,77,14,05,121,417,116,126,367,467
./snap77/lic_snap77.13.05.bmp,77,13,05,121,417,116,126,367,467
./snap77/lic_snap77.12.05.bmp,77,12,05,121,417,116,126,367,467
./snap77/lic_snap77.11.05.bmp,77,11,05,121,417,116,126,367,467
./snap77/lic_snap77.10.05.bmp,77,10,05,166,331,161,171,281,381
./snap77/lic_snap77.09.05.bmp,77,09,05,166,331,161,171,281,381
./snap77/lic_snap77.08.05.bmp,77,08,05,166,331,161,171,281,381
./snap77/lic_snap77.07.05.bmp,77,07,05,166,331,161,171,281,381
./snap77/lic_snap77.06.05.bmp,77,06,05,166,331,161,171,281,381
./snap77/lic_snap77.05.05.bmp,77,05,05,166,331,161,171,281,381
./snap77/lic_snap77.04.05.bmp,77,04,05,166,331,161,171,281,381
./snap77/lic_snap77.03.05.bmp,77,03,05,166,331,161,171,281,381
./snap77/lic_snap77.02.05.bmp,77,02,05,166,331,161,171,281,381
./snap77/lic_snap77.01.05.bmp,77,01,05,166,331,161,171,281,381
./snap77/lic_snap77.62.04.bmp,77,62,04,166,331,161,171,281,381
./snap77/lic_snap77.61.04.bmp,77,61,04,166,331,161,171,281,381
./snap77/lic_snap77.60.04.bmp,77,60,04,166,331,161,171,281,381
./snap77/lic_snap77.59.04.bmp,77,59,04,166,331,161,171,281,381
./snap77/lic_snap77.58.04.bmp,77,58,04,166,331,161,171,281,381
./snap77/lic_snap77.57.04.bmp,77,57,04,162,753,157,167,703,803
./snap77/lic_snap77.56.04.bmp,77,56,04,162,753,157,167,703,803
./snap77/lic_snap77.55.04.bmp,77,55,04,162,753,157,167,703,803
./snap77/lic_snap77.54.04.bmp,77,54,04,162,753,157,167,703,803
./snap77/lic_snap77.53.04.bmp,77,53,04,162,753,157,167,703,803
./snap77/lic_snap77.52.04.bmp,77,52,04,162,753,157,167,703,803
./snap77/lic_snap77.51.04.bmp,77,51,04,162,753,157,167,703,803
./snap77/lic_snap77.50.04.bmp,77,50,04,162,753,157,167,703,803
./snap77/lic_snap77.49.04.bmp,77,49,04,162,753,157,167,703,803
./snap77/lic_snap77.47.04.bmp,77,47,04,162,753,157,167,703,803
./snap77/lic_snap77.46.04.bmp,77,46,04,162,753,157,167,703,803
./snap77/lic_snap77.46.04.bmp,77,46,04,22,541,17,27,491,591
./snap77/lic_snap77.47.04.bmp,77,47,04,22,541,17,27,491,591
./snap77/lic_snap77.48.04.bmp,77,48,04,22,541,17,27,491,591
./snap77/lic_snap77.49.04.bmp,77,49,04,22,541,17,27,491,591
./snap77/lic_snap77.50.04.bmp,77,50,04,22,541,17,27,491,591
./snap77/lic_snap77.51.04.bmp,77,51,04,22,541,17,27,491,591
./snap77/lic_snap77.52.04.bmp,77,52,04,22,541,17,27,491,591
./snap77/lic_snap77.53.04.bmp,77,53,04,22,541,17,27,491,591
./snap77/lic_snap77.54.04.bmp,77,54,04,22,541,17,27,491,591
./snap77/lic_snap77.55.04.bmp,77,55,04,22,541,17,27,491,591
./snap77/lic_snap77.56.04.bmp,77,56,04,22,541,17,27,491,591
./snap77/lic_snap77.57.04.bmp,77,57,04,22,541,17,27,491,591
./snap77/lic_snap77.58.04.bmp,77,58,04,22,541,17,27,491,591
./snap77/lic_snap77.59.04.bmp,77,59,04,22,541,17,27,491,591
./snap77/lic_snap77.60.04.bmp,77,60,04,22,541,17,27,491,591
./snap77/lic_snap77.61.04.bmp,77,61,04,22,541,17,27,491,591
./snap77/lic_snap77.62.04.bmp,77,62,04,43,527,38,48,477,577
./snap77/lic_snap77.01.05.bmp,77,01,05,43,527,38,48,477,577
./snap77/lic_snap77.02.05.bmp,77,02,05,43,527,38,48,477,577
./snap77/lic_snap77.03.05.bmp,77,03,05,43,527,38,48,477,577
./snap77/lic_snap77.03.05.bmp,77,03,05,63,496,58,68,446,546
./snap77/lic_snap77.04.05.bmp,77,04,05,63,496,58,68,446,546
./snap77/lic_snap77.05.05.bmp,77,05,05,63,496,58,68,446,546
./snap77/lic_snap77.06.05.bmp,77,06,05,63,496,58,68,446,546
./snap77/lic_snap77.07.05.bmp,77,07,05,63,575,58,68,525,625
./snap77/lic_snap77.08.05.bmp,77,08,05,63,575,58,68,525,625
./snap77/lic_snap77.09.05.bmp,77,09,05,63,575,58,68,525,625
./snap77/lic_snap77.10.05.bmp,77,10,05,79,516,74,84,466,566
./snap77/lic_snap77.11.05.bmp,77,11,05,79,516,74,84,466,566
./snap77/lic_snap77.12.05.bmp,77,12,05,79,516,74,84,466,566
./snap77/lic_snap77.13.05.bmp,77,13,05,84,606,79,89,556,656
./snap77/lic_snap77.14.05.bmp,77,14,05,84,606,79,89,556,656
./snap77/lic_snap77.15.05.bmp,77,15,05,103,507,98,108,457,557
./snap77/lic_snap77.16.05.bmp,77,16,05,103,507,98,108,457,557
./snap77/lic_snap77.17.05.bmp,77,17,05,103,507,98,108,457,557
./snap77/lic_snap77.18.05.bmp,77,18,05,103,507,98,108,457,557
./snap77/lic_snap77.19.05.bmp,77,19,05,119,548,114,124,498,598
./snap77/lic_snap77.20.05.bmp,77,20,05,119,548,114,124,498,598
./snap77/lic_snap77.21.05.bmp,77,21,05,119,548,114,124,498,598
./snap77/lic_snap77.22.05.bmp,77,22,05,119,548,114,124,498,598
./snap77/lic_snap77.23.05.bmp,77,23,05,158,554,153,163,504,604
./snap77/lic_snap77.24.05.bmp,77,24,05,158,554,153,163,504,604
./snap77/lic_snap77.25.05.bmp,77,25,05,158,554,153,163,504,604
./snap77/lic_snap77.26.05.bmp,77,26,05,144,548,139,149,498,598
./snap77/lic_snap77.27.05.bmp,77,27,05,144,548,139,149,498,598
./snap77/lic_snap77.28.05.bmp,77,28,05,144,548,139,149,498,598
./snap77/lic_snap77.29.05.bmp,77,29,05,144,548,139,149,498,598
./snap77/lic_snap77.30.05.bmp,77,30,05,126,397,121,131,347,447
./snap77/lic_snap77.31.05.bmp,77,31,05,126,397,121,131,347,447
./snap77/lic_snap77.32.05.bmp,77,32,05,126,397,121,131,347,447
./snap77/lic_snap77.33.05.bmp,77,33,05,126,397,121,131,347,447
./snap77/lic_snap77.34.05.bmp,77,34,05,126,397,121,131,347,447
./snap77/lic_snap77.35.05.bmp,77,35,05,126,397,121,131,347,447
./snap77/lic_snap77.36.05.bmp,77,36,05,126,397,121,131,347,447
./snap77/lic_snap77.37.05.bmp,77,37,05,126,397,121,131,347,447
./snap77/lic_snap77.38.05.bmp,77,38,05,126,397,121,131,347,447
./snap77/lic_snap77.38.05.bmp,77,38,05,135,502,130,140,452,552
./snap77/lic_snap77.39.05.bmp,77,39,05,135,502,130,140,452,552
./snap77/lic_snap77.40.05.bmp,77,40,05,135,502,130,140,452,552
./snap77/lic_snap77.41.05.bmp,77,41,05,135,502,130,140,452,552
./snap77/lic_snap77.42.05.bmp,77,42,05,156,505,151,161,455,555
./snap77/lic_snap77.43.05.bmp,77,43,05,156,505,151,161,455,555
./snap77/lic_snap77.44.05.bmp,77,44,05,156,505,151,161,455,555
./snap77/lic_snap77.45.05.bmp,77,45,05,156,505,151,161,455,555
./snap77/lic_snap77.46.05.bmp,77,46,05,156,505,151,161,455,555
./snap77/lic_snap77.47.05.bmp,77,47,05,156,505,151,161,455,555
./snap77/lic_snap77.46.05.bmp,77,46,05,167,581,162,172,531,631
./snap77/lic_snap77.45.05.bmp,77,45,05,167,581,162,172,531,631
./snap77/lic_snap77.44.05.bmp,77,44,05,167,581,162,172,531,631
./snap77/lic_snap77.43.05.bmp,77,43,05,167,581,162,172,531,631
./snap77/lic_snap77.42.05.bmp,77,42,05,167,581,162,172,531,631
./snap77/lic_snap77.41.05.bmp,77,41,05,167,581,162,172,531,631
./snap77/lic_snap77.41.05.bmp,77,41,05,75,593,70,80,543,643
./snap77/lic_snap77.39.05.bmp,77,39,05,75,593,70,80,543,643
./snap77/lic_snap77.38.05.bmp,77,38,05,75,593,70,80,543,643
./snap77/lic_snap77.37.05.bmp,77,37,05,75,593,70,80,543,643
./snap77/lic_snap77.36.05.bmp,77,36,05,75,593,70,80,543,643
./snap77/lic_snap77.35.05.bmp,77,35,05,75,593,70,80,543,643
./snap77/lic_snap77.34.05.bmp,77,34,05,75,593,70,80,543,643
./snap77/lic_snap77.33.05.bmp,77,33,05,75,593,70,80,543,643
./snap77/lic_snap77.32.05.bmp,77,32,05,75,593,70,80,543,643
./snap77/lic_snap77.31.05.bmp,77,31,05,75,593,70,80,543,643
./snap77/lic_snap77.30.05.bmp,77,30,05,75,593,70,80,543,643
./snap77/lic_snap77.29.05.bmp,77,29,05,75,593,70,80,543,643
./snap77/lic_snap77.25.05.bmp,77,25,05,75,593,70,80,543,643
./snap77/lic_snap77.24.05.bmp,77,24,05,75,593,70,80,543,643
./snap77/lic_snap77.23.05.bmp,77,23,05,75,593,70,80,543,643
./snap77/lic_snap77.22.05.bmp,77,22,05,75,593,70,80,543,643
./snap77/lic_snap77.35.05.bmp,77,35,05,75,593,70,80,543,643
./snap77/lic_snap77.36.05.bmp,77,36,05,75,593,70,80,543,643
./snap77/lic_snap77.37.05.bmp,77,37,05,75,593,70,80,543,643
./snap77/lic_snap77.38.05.bmp,77,38,05,75,593,70,80,543,643
./snap77/lic_snap77.39.05.bmp,77,39,05,75,593,70,80,543,643
./snap77/lic_snap77.39.05.bmp,77,39,05,89,498,84,94,448,548
./snap77/lic_snap77.40.05.bmp,77,40,05,89,498,84,94,448,548
./snap77/lic_snap77.41.05.bmp,77,41,05,89,498,84,94,448,548
./snap77/lic_snap77.42.05.bmp,77,42,05,89,498,84,94,448,548
./snap77/lic_snap77.43.05.bmp,77,43,05,89,498,84,94,448,548
./snap77/lic_snap77.44.05.bmp,77,44,05,172,486,167,177,436,536
./snap77/lic_snap77.45.05.bmp,77,45,05,172,486,167,177,436,536
./snap77/lic_snap77.46.05.bmp,77,46,05,172,486,167,177,436,536
./snap77/lic_snap77.47.05.bmp,77,47,05,172,486,167,177,436,536
./snap77/lic_snap77.48.05.bmp,77,48,05,172,486,167,177,436,536
./snap77/lic_snap77.50.05.bmp,77,50,05,216,504,211,221,454,554
./snap77/lic_snap77.51.05.bmp,77,51,05,216,504,211,221,454,554
./snap77/lic_snap77.52.05.bmp,77,52,05,216,504,211,221,454,554
./snap77/lic_snap77.53.05.bmp,77,53,05,216,504,211,221,454,554
./snap77/lic_snap77.54.05.bmp,77,54,05,216,504,211,221,454,554
./snap77/lic_snap77.55.05.bmp,77,55,05,216,504,211,221,454,554
./snap77/lic_snap77.56.05.bmp,77,56,05,216,504,211,221,454,554
./snap77/lic_snap77.57.05.bmp,77,57,05,216,504,211,221,454,554
./snap77/lic_snap77.58.05.bmp,77,58,05,216,504,211,221,454,554
./snap77/lic_snap77.59.05.bmp,77,59,05,216,504,211,221,454,554
./snap77/lic_snap77.60.05.bmp,77,60,05,216,504,211,221,454,554
./snap77/lic_snap77.61.05.bmp,77,61,05,216,504,211,221,454,554
./snap77/lic_snap77.01.06.bmp,77,01,06,216,504,211,221,454,554
./snap77/lic_snap77.03.06.bmp,77,03,06,216,504,211,221,454,554
./snap77/lic_snap77.04.06.bmp,77,04,06,216,504,211,221,454,554
./snap77/lic_snap77.05.06.bmp,77,05,06,216,504,211,221,454,554
./snap77/lic_snap77.07.06.bmp,77,07,06,241,595,236,246,545,645
./snap77/lic_snap77.08.06.bmp,77,08,06,241,595,236,246,545,645
./snap77/lic_snap77.09.06.bmp,77,09,06,241,595,236,246,545,645
./snap77/lic_snap77.11.06.bmp,77,11,06,241,595,236,246,545,645
./snap77/lic_snap77.12.06.bmp,77,12,06,241,595,236,246,545,645
./snap77/lic_snap77.13.06.bmp,77,13,06,241,595,236,246,545,645
./snap77/lic_snap77.14.06.bmp,77,14,06,241,595,236,246,545,645
./snap77/lic_snap77.15.06.bmp,77,15,06,241,595,236,246,545,645
./snap77/lic_snap77.16.06.bmp,77,16,06,241,595,236,246,545,645
./snap77/lic_snap77.17.06.bmp,77,17,06,241,595,236,246,545,645
./snap77/lic_snap77.18.06.bmp,77,18,06,241,595,236,246,545,645
./snap77/lic_snap77.19.06.bmp,77,19,06,241,595,236,246,545,645
./snap77/lic_snap77.20.06.bmp,77,20,06,241,595,236,246,545,645
./snap77/lic_snap77.21.06.bmp,77,21,06,241,595,236,246,545,645
./snap77/lic_snap77.22.06.bmp,77,22,06,241,595,236,246,545,645
./snap77/lic_snap77.23.06.bmp,77,23,06,241,595,236,246,545,645
./snap77/lic_snap77.24.06.bmp,77,24,06,241,595,236,246,545,645
./snap77/lic_snap77.26.06.bmp,77,26,06,241,595,236,246,545,645
./snap77/lic_snap77.25.06.bmp,77,25,06,241,595,236,246,545,645
./snap77/lic_snap77.27.06.bmp,77,27,06,241,595,236,246,545,645
./snap77/lic_snap77.29.06.bmp,77,29,06,241,595,236,246,545,645
./snap77/lic_snap77.30.06.bmp,77,30,06,241,595,236,246,545,645
./snap77/lic_snap77.31.06.bmp,77,31,06,241,595,236,246,545,645
./snap77/lic_snap77.32.06.bmp,77,32,06,241,595,236,246,545,645
./snap77/lic_snap77.33.06.bmp,77,33,06,241,595,236,246,545,645
./snap77/lic_snap77.34.06.bmp,77,34,06,241,595,236,246,545,645
./snap77/lic_snap77.35.06.bmp,77,35,06,241,595,236,246,545,645
./snap77/lic_snap77.36.06.bmp,77,36,06,241,595,236,246,545,645
./snap77/lic_snap77.38.06.bmp,77,38,06,241,595,236,246,545,645
./snap77/lic_snap77.39.06.bmp,77,39,06,241,595,236,246,545,645
./snap77/lic_snap77.40.06.bmp,77,40,06,241,595,236,246,545,645
./snap77/lic_snap77.41.06.bmp,77,41,06,241,595,236,246,545,645
./snap77/lic_snap77.42.06.bmp,77,42,06,64,397,59,69,347,447
./snap77/lic_snap77.43.06.bmp,77,43,06,64,397,59,69,347,447
./snap77/lic_snap77.44.06.bmp,77,44,06,64,397,59,69,347,447
./snap77/lic_snap77.45.06.bmp,77,45,06,64,397,59,69,347,447
./snap77/lic_snap77.46.06.bmp,77,46,06,91,376,86,96,326,426
./snap77/lic_snap77.47.06.bmp,77,47,06,91,376,86,96,326,426
./snap77/lic_snap77.48.06.bmp,77,48,06,91,376,86,96,326,426
./snap77/lic_snap77.49.06.bmp,77,49,06,91,376,86,96,326,426
./snap77/lic_snap77.50.06.bmp,77,50,06,91,376,86,96,326,426
./snap77/lic_snap77.51.06.bmp,77,51,06,122,370,117,127,320,420
./snap77/lic_snap77.52.06.bmp,77,52,06,122,370,117,127,320,420
./snap77/lic_snap77.53.06.bmp,77,53,06,122,370,117,127,320,420
./snap77/lic_snap77.54.06.bmp,77,54,06,122,370,117,127,320,420
./snap77/lic_snap77.55.06.bmp,77,55,06,122,370,117,127,320,420
./snap77/lic_snap77.56.06.bmp,77,56,06,122,370,117,127,320,420
./snap77/lic_snap77.57.06.bmp,77,57,06,122,370,117,127,320,420
./snap77/lic_snap77.58.06.bmp,77,58,06,122,370,117,127,320,420
./snap77/lic_snap77.59.06.bmp,77,59,06,160,372,155,165,322,422
./snap77/lic_snap77.60.06.bmp,77,60,06,160,372,155,165,322,422
./snap77/lic_snap77.61.06.bmp,77,61,06,160,372,155,165,322,422
./snap77/lic_snap77.62.06.bmp,77,62,06,160,372,155,165,322,422
./snap77/lic_snap77.01.07.bmp,77,01,07,160,372,155,165,322,422
./snap77/lic_snap77.02.07.bmp,77,02,07,160,372,155,165,322,422
./snap77/lic_snap77.03.07.bmp,77,03,07,160,372,155,165,322,422
./snap77/lic_snap77.04.07.bmp,77,04,07,160,372,155,165,322,422
./snap77/lic_snap77.05.07.bmp,77,05,07,160,372,155,165,322,422
./snap77/lic_snap77.06.07.bmp,77,06,07,160,372,155,165,322,422
./snap77/lic_snap77.07.07.bmp,77,07,07,188,367,183,193,317,417
./snap77/lic_snap77.08.07.bmp,77,08,07,188,367,183,193,317,417
./snap77/lic_snap77.09.07.bmp,77,09,07,188,367,183,193,317,417
./snap77/lic_snap77.10.07.bmp,77,10,07,188,367,183,193,317,417
./snap77/lic_snap77.11.07.bmp,77,11,07,188,367,183,193,317,417
./snap77/lic_snap77.12.07.bmp,77,12,07,188,367,183,193,317,417
./snap77/lic_snap77.13.07.bmp,77,13,07,188,367,183,193,317,417
./snap77/lic_snap77.14.07.bmp,77,14,07,188,367,183,193,317,417
./snap77/lic_snap77.15.07.bmp,77,15,07,219,383,214,224,333,433
./snap77/lic_snap77.16.07.bmp,77,16,07,219,383,214,224,333,433
./snap77/lic_snap77.17.07.bmp,77,17,07,219,383,214,224,333,433
./snap77/lic_snap77.18.07.bmp,77,18,07,219,383,214,224,333,433
./snap77/lic_snap77.19.07.bmp,77,19,07,219,383,214,224,333,433
./snap77/lic_snap77.20.07.bmp,77,20,07,219,383,214,224,333,433
./snap77/lic_snap77.21.07.bmp,77,21,07,219,383,214,224,333,433
./snap77/lic_snap77.22.07.bmp,77,22,07,219,383,214,224,333,433
./snap77/lic_snap77.23.07.bmp,77,23,07,219,383,214,224,333,433
./snap77/lic_snap77.24.07.bmp,77,24,07,241,365,236,246,315,415
./snap77/lic_snap77.25.07.bmp,77,25,07,241,365,236,246,315,415
./snap77/lic_snap77.26.07.bmp,77,26,07,241,365,236,246,315,415
./snap77/lic_snap77.25.07.bmp,77,25,07,241,365,236,246,315,415
./snap77/lic_snap77.27.07.bmp,77,27,07,241,365,236,246,315,415
./snap77/lic_snap77.28.07.bmp,77,28,07,241,365,236,246,315,415
./snap77/lic_snap77.29.07.bmp,77,29,07,241,365,236,246,315,415
./snap77/lic_snap77.30.07.bmp,77,30,07,65,475,60,70,425,525
./snap77/lic_snap77.31.07.bmp,77,31,07,65,475,60,70,425,525
./snap77/lic_snap77.32.07.bmp,77,32,07,65,475,60,70,425,525
./snap77/lic_snap77.33.07.bmp,77,33,07,65,475,60,70,425,525
./snap77/lic_snap77.32.07.bmp,77,32,07,65,475,60,70,425,525
./snap77/lic_snap77.31.07.bmp,77,31,07,65,475,60,70,425,525
./snap77/lic_snap77.30.07.bmp,77,30,07,65,475,60,70,425,525
./snap77/lic_snap77.28.07.bmp,77,28,07,39,475,34,44,425,525
./snap77/lic_snap77.27.07.bmp,77,27,07,39,475,34,44,425,525
./snap77/lic_snap77.26.07.bmp,77,26,07,39,475,34,44,425,525
./snap77/lic_snap77.25.07.bmp,77,25,07,39,475,34,44,425,525
./snap77/lic_snap77.24.07.bmp,77,24,07,39,475,34,44,425,525
./snap77/lic_snap77.23.07.bmp,77,23,07,39,475,34,44,425,525
./snap77/lic_snap77.22.07.bmp,77,22,07,39,475,34,44,425,525
./snap77/lic_snap77.21.07.bmp,77,21,07,39,475,34,44,425,525
./snap77/lic_snap77.20.07.bmp,77,20,07,39,475,34,44,425,525
./snap77/lic_snap77.19.07.bmp,77,19,07,39,475,34,44,425,525
./snap77/lic_snap77.18.07.bmp,77,18,07,39,475,34,44,425,525
./snap77/lic_snap77.17.07.bmp,77,17,07,39,475,34,44,425,525
./snap77/lic_snap77.16.07.bmp,77,16,07,39,475,34,44,425,525
./snap77/lic_snap77.15.07.bmp,77,15,07,39,475,34,44,425,525
./snap77/lic_snap77.14.07.bmp,77,14,07,39,475,34,44,425,525
./snap77/lic_snap77.13.07.bmp,77,13,07,39,475,34,44,425,525
./snap77/lic_snap77.11.07.bmp,77,11,07,92,493,87,97,443,543
./snap77/lic_snap77.10.07.bmp,77,10,07,119,489,114,124,439,539
./snap77/lic_snap77.09.07.bmp,77,09,07,119,489,114,124,439,539
./snap77/lic_snap77.08.07.bmp,77,08,07,119,489,114,124,439,539
./snap77/lic_snap77.07.07.bmp,77,07,07,119,489,114,124,439,539
./snap77/lic_snap77.06.07.bmp,77,06,07,119,489,114,124,439,539
./snap77/lic_snap77.05.07.bmp,77,05,07,119,489,114,124,439,539
./snap77/lic_snap77.04.07.bmp,77,04,07,119,489,114,124,439,539
./snap77/lic_snap77.03.07.bmp,77,03,07,119,489,114,124,439,539
./snap77/lic_snap77.02.07.bmp,77,02,07,119,489,114,124,439,539
./snap77/lic_snap77.01.07.bmp,77,01,07,119,489,114,124,439,539
./snap77/lic_snap77.62.06.bmp,77,62,06,119,489,114,124,439,539
./snap77/lic_snap77.62.06.bmp,77,62,06,120,619,115,125,569,669
./snap77/lic_snap77.61.06.bmp,77,61,06,120,619,115,125,569,669
./snap77/lic_snap77.60.06.bmp,77,60,06,120,619,115,125,569,669
./snap77/lic_snap77.59.06.bmp,77,59,06,120,619,115,125,569,669
./snap77/lic_snap77.58.06.bmp,77,58,06,120,619,115,125,569,669
./snap77/lic_snap77.56.06.bmp,77,56,06,120,619,115,125,569,669
./snap77/lic_snap77.55.06.bmp,77,55,06,120,619,115,125,569,669
./snap77/lic_snap77.54.06.bmp,77,54,06,120,619,115,125,569,669
./snap77/lic_snap77.53.06.bmp,77,53,06,120,619,115,125,569,669
./snap77/lic_snap77.52.06.bmp,77,52,06,120,619,115,125,569,669
./snap77/lic_snap77.51.06.bmp,77,51,06,120,619,115,125,569,669
./snap77/lic_snap77.50.06.bmp,77,50,06,120,619,115,125,569,669
./snap77/lic_snap77.49.06.bmp,77,49,06,120,619,115,125,569,669
./snap77/lic_snap77.48.06.bmp,77,48,06,120,619,115,125,569,669
./snap77/lic_snap77.47.06.bmp,77,47,06,120,619,115,125,569,669
./snap77/lic_snap77.46.06.bmp,77,46,06,120,619,115,125,569,669
./snap77/lic_snap77.45.06.bmp,77,45,06,120,619,115,125,569,669
./snap77/lic_snap77.45.06.bmp,77,45,06,154,604,149,159,554,654
./snap77/lic_snap77.46.06.bmp,77,46,06,154,604,149,159,554,654
./snap77/lic_snap77.47.06.bmp,77,47,06,154,604,149,159,554,654
./snap77/lic_snap77.48.06.bmp,77,48,06,154,604,149,159,554,654
./snap77/lic_snap77.49.06.bmp,77,49,06,154,604,149,159,554,654
./snap77/lic_snap77.50.06.bmp,77,50,06,154,604,149,159,554,654
./snap77/lic_snap77.51.06.bmp,77,51,06,154,604,149,159,554,654
./snap77/lic_snap77.52.06.bmp,77,52,06,154,604,149,159,554,654
./snap77/lic_snap77.53.06.bmp,77,53,06,154,604,149,159,554,654
./snap77/lic_snap77.54.06.bmp,77,54,06,154,604,149,159,554,654
./snap77/lic_snap77.55.06.bmp,77,55,06,154,604,149,159,554,654
./snap77/lic_snap77.56.06.bmp,77,56,06,154,604,149,159,554,654
./snap77/lic_snap77.57.06.bmp,77,57,06,154,604,149,159,554,654
./snap77/lic_snap77.58.06.bmp,77,58,06,154,604,149,159,554,654
./snap77/lic_snap77.59.06.bmp,77,59,06,154,604,149,159,554,654
./snap77/lic_snap77.60.06.bmp,77,60,06,154,604,149,159,554,654
./snap77/lic_snap77.61.06.bmp,77,61,06,154,604,149,159,554,654
./snap77/lic_snap77.62.06.bmp,77,62,06,154,604,149,159,554,654
./snap77/lic_snap77.01.07.bmp,77,01,07,154,604,149,159,554,654
./snap77/lic_snap77.02.07.bmp,77,02,07,154,604,149,159,554,654
./snap77/lic_snap77.04.07.bmp,77,04,07,154,604,149,159,554,654
./snap77/lic_snap77.05.07.bmp,77,05,07,154,604,149,159,554,654
./snap77/lic_snap77.06.07.bmp,77,06,07,154,604,149,159,554,654
./snap77/lic_snap77.07.07.bmp,77,07,07,154,604,149,159,554,654
./snap77/lic_snap77.08.07.bmp,77,08,07,154,604,149,159,554,654
./snap77/lic_snap77.09.07.bmp,77,09,07,154,604,149,159,554,654
./snap77/lic_snap77.10.07.bmp,77,10,07,40,610,35,45,560,660
./snap77/lic_snap77.11.07.bmp,77,11,07,40,610,35,45,560,660
./snap77/lic_snap77.12.07.bmp,77,12,07,40,610,35,45,560,660
./snap77/lic_snap77.13.07.bmp,77,13,07,40,610,35,45,560,660
./snap77/lic_snap77.14.07.bmp,77,14,07,40,610,35,45,560,660
./snap77/lic_snap77.15.07.bmp,77,15,07,39,489,34,44,439,539
./snap77/lic_snap77.16.07.bmp,77,16,07,39,489,34,44,439,539
./snap77/lic_snap77.17.07.bmp,77,17,07,39,489,34,44,439,539
./snap77/lic_snap77.18.07.bmp,77,18,07,39,489,34,44,439,539
./snap77/lic_snap77.19.07.bmp,77,19,07,39,489,34,44,439,539
./snap77/lic_snap77.20.07.bmp,77,20,07,39,489,34,44,439,539
./snap77/lic_snap77.21.07.bmp,77,21,07,39,489,34,44,439,539
./snap77/lic_snap77.22.07.bmp,77,22,07,39,489,34,44,439,539
./snap77/lic_snap77.23.07.bmp,77,23,07,39,489,34,44,439,539
./snap77/lic_snap77.24.07.bmp,77,24,07,39,489,34,44,439,539
./snap77/lic_snap77.25.07.bmp,77,25,07,39,489,34,44,439,539
./snap77/lic_snap77.26.07.bmp,77,26,07,39,489,34,44,439,539
./snap77/lic_snap77.27.07.bmp,77,27,07,39,489,34,44,439,539
./snap77/lic_snap77.28.07.bmp,77,28,07,39,489,34,44,439,539
./snap77/lic_snap77.29.07.bmp,77,29,07,39,489,34,44,439,539
./snap77/lic_snap77.30.07.bmp,77,30,07,39,489,34,44,439,539
./snap77/lic_snap77.31.07.bmp,77,31,07,39,489,34,44,439,539
./snap77/lic_snap77.32.07.bmp,77,32,07,39,489,34,44,439,539
./snap77/lic_snap77.33.07.bmp,77,33,07,39,489,34,44,439,539
./snap77/lic_snap77.34.07.bmp,77,34,07,39,489,34,44,439,539
./snap77/lic_snap77.35.07.bmp,77,35,07,122,401,117,127,351,451
./snap77/lic_snap77.36.07.bmp,77,36,07,122,401,117,127,351,451
./snap77/lic_snap77.37.07.bmp,77,37,07,122,401,117,127,351,451
./snap77/lic_snap77.38.07.bmp,77,38,07,122,401,117,127,351,451
./snap77/lic_snap77.39.07.bmp,77,39,07,122,401,117,127,351,451
./snap77/lic_snap77.40.07.bmp,77,40,07,122,401,117,127,351,451
./snap77/lic_snap77.41.07.bmp,77,41,07,122,401,117,127,351,451
./snap77/lic_snap77.42.07.bmp,77,42,07,122,401,117,127,351,451
./snap77/lic_snap77.44.07.bmp,77,44,07,122,401,117,127,351,451
./snap77/lic_snap77.45.07.bmp,77,45,07,122,401,117,127,351,451
./snap77/lic_snap77.46.07.bmp,77,46,07,122,401,117,127,351,451
./snap77/lic_snap77.47.07.bmp,77,47,07,122,401,117,127,351,451
./snap77/lic_snap77.48.07.bmp,77,48,07,122,401,117,127,351,451
./snap77/lic_snap77.49.07.bmp,77,49,07,122,401,117,127,351,451
./snap77/lic_snap77.50.07.bmp,77,50,07,122,401,117,127,351,451
./snap77/lic_snap77.51.07.bmp,77,51,07,122,401,117,127,351,451
./snap77/lic_snap77.52.07.bmp,77,52,07,122,401,117,127,351,451
./snap77/lic_snap77.53.07.bmp,77,53,07,122,401,117,127,351,451
./snap77/lic_snap77.54.07.bmp,77,54,07,122,401,117,127,351,451
./snap77/lic_snap77.55.07.bmp,77,55,07,122,401,117,127,351,451
./snap77/lic_snap77.56.07.bmp,77,56,07,122,401,117,127,351,451
./snap77/lic_snap77.57.07.bmp,77,57,07,122,401,117,127,351,451
./snap77/lic_snap77.57.07.bmp,77,57,07,189,347,184,194,297,397
./snap77/lic_snap77.58.07.bmp,77,58,07,189,347,184,194,297,397
./snap77/lic_snap77.59.07.bmp,77,59,07,189,347,184,194,297,397
./snap77/lic_snap77.60.07.bmp,77,60,07,189,347,184,194,297,397
./snap77/lic_snap77.61.07.bmp,77,61,07,189,347,184,194,297,397
./snap77/lic_snap77.01.08.bmp,77,01,08,189,347,184,194,297,397
./snap77/lic_snap77.02.08.bmp,77,02,08,189,347,184,194,297,397
./snap77/lic_snap77.03.08.bmp,77,03,08,189,347,184,194,297,397
./snap77/lic_snap77.04.08.bmp,77,04,08,189,347,184,194,297,397
./snap77/lic_snap77.05.08.bmp,77,05,08,189,347,184,194,297,397
./snap77/lic_snap77.06.08.bmp,77,06,08,189,347,184,194,297,397
./snap77/lic_snap77.07.08.bmp,77,07,08,189,347,184,194,297,397
./snap77/lic_snap77.08.08.bmp,77,08,08,189,347,184,194,297,397
./snap77/lic_snap77.09.08.bmp,77,09,08,189,347,184,194,297,397
./snap77/lic_snap77.10.08.bmp,77,10,08,189,347,184,194,297,397
./snap77/lic_snap77.11.08.bmp,77,11,08,189,347,184,194,297,397
./snap77/lic_snap77.12.08.bmp,77,12,08,189,347,184,194,297,397
./snap77/lic_snap77.13.08.bmp,77,13,08,218,340,213,223,290,390
./snap77/lic_snap77.14.08.bmp,77,14,08,218,340,213,223,290,390
./snap77/lic_snap77.15.08.bmp,77,15,08,218,340,213,223,290,390
./snap77/lic_snap77.16.08.bmp,77,16,08,218,340,213,223,290,390
./snap77/lic_snap77.17.08.bmp,77,17,08,218,340,213,223,290,390
./snap77/lic_snap77.18.08.bmp,77,18,08,218,340,213,223,290,390
./snap77/lic_snap77.19.08.bmp,77,19,08,218,340,213,223,290,390
./snap77/lic_snap77.20.08.bmp,77,20,08,218,340,213,223,290,390
./snap77/lic_snap77.21.08.bmp,77,21,08,218,340,213,223,290,390
./snap77/lic_snap77.22.08.bmp,77,22,08,218,340,213,223,290,390
./snap77/lic_snap77.23.08.bmp,77,23,08,218,340,213,223,290,390
./snap77/lic_snap77.24.08.bmp,77,24,08,218,340,213,223,290,390
./snap77/lic_snap77.25.08.bmp,77,25,08,218,340,213,223,290,390
./snap77/lic_snap77.26.08.bmp,77,26,08,218,340,213,223,290,390
./snap77/lic_snap77.27.08.bmp,77,27,08,218,340,213,223,290,390
./snap77/lic_snap77.28.08.bmp,77,28,08,218,340,213,223,290,390
./snap77/lic_snap77.29.08.bmp,77,29,08,218,340,213,223,290,390
./snap77/lic_snap77.31.08.bmp,77,31,08,240,635,235,245,585,685
./snap77/lic_snap77.32.08.bmp,77,32,08,240,635,235,245,585,685
./snap77/lic_snap77.33.08.bmp,77,33,08,240,635,235,245,585,685
./snap77/lic_snap77.34.08.bmp,77,34,08,240,635,235,245,585,685
./snap77/lic_snap77.36.08.bmp,77,36,08,240,635,235,245,585,685
./snap77/lic_snap77.37.08.bmp,77,37,08,240,635,235,245,585,685
./snap77/lic_snap77.38.08.bmp,77,38,08,240,635,235,245,585,685
./snap77/lic_snap77.39.08.bmp,77,39,08,240,635,235,245,585,685
./snap77/lic_snap77.40.08.bmp,77,40,08,240,635,235,245,585,685
./snap77/lic_snap77.41.08.bmp,77,41,08,240,635,235,245,585,685
./snap77/lic_snap77.42.08.bmp,77,42,08,240,635,235,245,585,685
./snap77/lic_snap77.43.08.bmp,77,43,08,240,635,235,245,585,685
./snap77/lic_snap77.44.08.bmp,77,44,08,240,635,235,245,585,685
./snap77/lic_snap77.45.08.bmp,77,45,08,240,635,235,245,585,685
./snap77/lic_snap77.46.08.bmp,77,46,08,240,635,235,245,585,685
./snap77/lic_snap77.47.08.bmp,77,47,08,240,635,235,245,585,685
./snap77/lic_snap77.48.08.bmp,77,48,08,240,635,235,245,585,685
./snap77/lic_snap77.49.08.bmp,77,49,08,240,635,235,245,585,685
./snap77/lic_snap77.50.08.bmp,77,50,08,240,635,235,245,585,685
./snap77/lic_snap77.51.08.bmp,77,51,08,240,635,235,245,585,685
./snap77/lic_snap77.52.08.bmp,77,52,08,240,635,235,245,585,685
./snap77/lic_snap77.53.08.bmp,77,53,08,240,635,235,245,585,685
./snap77/lic_snap77.54.08.bmp,77,54,08,240,635,235,245,585,685
./snap77/lic_snap77.55.08.bmp,77,55,08,240,635,235,245,585,685
./snap77/lic_snap77.56.08.bmp,77,56,08,240,635,235,245,585,685
./snap77/lic_snap77.57.08.bmp,77,57,08,240,635,235,245,585,685
./snap77/lic_snap77.58.08.bmp,77,58,08,240,635,235,245,585,685
./snap77/lic_snap77.59.08.bmp,77,59,08,240,635,235,245,585,685
./snap77/lic_snap77.60.08.bmp,77,60,08,240,635,235,245,585,685
./snap77/lic_snap77.61.08.bmp,77,61,08,240,635,235,245,585,685
./snap77/lic_snap77.62.08.bmp,77,62,08,240,635,235,245,585,685
./snap77/lic_snap77.01.09.bmp,77,01,09,240,635,235,245,585,685
./snap77/lic_snap77.02.09.bmp,77,02,09,146,635,141,151,585,685
./snap77/lic_snap77.02.09.bmp,77,02,09,119,631,114,124,581,681
./snap77/lic_snap77.03.09.bmp,77,03,09,119,631,114,124,581,681
./snap77/lic_snap77.04.09.bmp,77,04,09,119,631,114,124,581,681
./snap77/lic_snap77.05.09.bmp,77,05,09,119,631,114,124,581,681
./snap77/lic_snap77.06.09.bmp,77,06,09,119,631,114,124,581,681
./snap77/lic_snap77.07.09.bmp,77,07,09,119,631,114,124,581,681
./snap77/lic_snap77.08.09.bmp,77,08,09,119,631,114,124,581,681
./snap77/lic_snap77.09.09.bmp,77,09,09,119,631,114,124,581,681
./snap77/lic_snap77.10.09.bmp,77,10,09,119,631,114,124,581,681
./snap77/lic_snap77.11.09.bmp,77,11,09,119,631,114,124,581,681
./snap77/lic_snap77.12.09.bmp,77,12,09,119,631,114,124,581,681
./snap77/lic_snap77.13.09.bmp,77,13,09,119,631,114,124,581,681
./snap77/lic_snap77.14.09.bmp,77,14,09,119,631,114,124,581,681
./snap77/lic_snap77.15.09.bmp,77,15,09,119,631,114,124,581,681
./snap77/lic_snap77.16.09.bmp,77,16,09,119,631,114,124,581,681
./snap77/lic_snap77.17.09.bmp,77,17,09,119,631,114,124,581,681
./snap77/lic_snap77.18.09.bmp,77,18,09,119,631,114,124,581,681
./snap77/lic_snap77.20.09.bmp,77,20,09,41,624,36,46,574,674
./snap77/lic_snap77.21.09.bmp,77,21,09,41,624,36,46,574,674
./snap77/lic_snap77.22.09.bmp,77,22,09,41,624,36,46,574,674
./snap77/lic_snap77.23.09.bmp,77,23,09,41,624,36,46,574,674
./snap77/lic_snap77.24.09.bmp,77,24,09,41,624,36,46,574,674
./snap77/lic_snap77.25.09.bmp,77,25,09,41,624,36,46,574,674
./snap77/lic_snap77.26.09.bmp,77,26,09,41,624,36,46,574,674
./snap77/lic_snap77.27.09.bmp,77,27,09,41,624,36,46,574,674
./snap77/lic_snap77.28.09.bmp,77,28,09,41,624,36,46,574,674
./snap77/lic_snap77.29.09.bmp,77,29,09,41,624,36,46,574,674
./snap77/lic_snap77.30.09.bmp,77,30,09,41,624,36,46,574,674
./snap77/lic_snap77.31.09.bmp,77,31,09,41,624,36,46,574,674
./snap77/lic_snap77.33.09.bmp,77,33,09,41,624,36,46,574,674
./snap77/lic_snap77.34.09.bmp,77,34,09,41,624,36,46,574,674
./snap77/lic_snap77.35.09.bmp,77,35,09,41,624,36,46,574,674
./snap77/lic_snap77.36.09.bmp,77,36,09,41,624,36,46,574,674
./snap77/lic_snap77.37.09.bmp,77,37,09,39,369,34,44,319,419
./snap77/lic_snap77.38.09.bmp,77,38,09,39,369,34,44,319,419
./snap77/lic_snap77.39.09.bmp,77,39,09,39,369,34,44,319,419
./snap77/lic_snap77.40.09.bmp,77,40,09,39,369,34,44,319,419
./snap77/lic_snap77.41.09.bmp,77,41,09,39,369,34,44,319,419
./snap77/lic_snap77.42.09.bmp,77,42,09,39,369,34,44,319,419
./snap77/lic_snap77.43.09.bmp,77,43,09,39,369,34,44,319,419
./snap77/lic_snap77.44.09.bmp,77,44,09,39,369,34,44,319,419
./snap77/lic_snap77.45.09.bmp,77,45,09,39,369,34,44,319,419
./snap77/lic_snap77.46.09.bmp,77,46,09,39,369,34,44,319,419
./snap77/lic_snap77.47.09.bmp,77,47,09,39,369,34,44,319,419
./snap77/lic_snap77.47.09.bmp,77,47,09,133,352,128,138,302,402
./snap77/lic_snap77.48.09.bmp,77,48,09,133,352,128,138,302,402
./snap77/lic_snap77.49.09.bmp,77,49,09,133,352,128,138,302,402
./snap77/lic_snap77.50.09.bmp,77,50,09,133,352,128,138,302,402
./snap77/lic_snap77.51.09.bmp,77,51,09,133,352,128,138,302,402
./snap77/lic_snap77.52.09.bmp,77,52,09,133,352,128,138,302,402
./snap77/lic_snap77.53.09.bmp,77,53,09,133,352,128,138,302,402
./snap77/lic_snap77.54.09.bmp,77,54,09,133,352,128,138,302,402
./snap77/lic_snap77.55.09.bmp,77,55,09,133,352,128,138,302,402
./snap77/lic_snap77.56.09.bmp,77,56,09,133,352,128,138,302,402
./snap77/lic_snap77.57.09.bmp,77,57,09,133,352,128,138,302,402
./snap77/lic_snap77.58.09.bmp,77,58,09,133,352,128,138,302,402
./snap77/lic_snap77.59.09.bmp,77,59,09,133,352,128,138,302,402
./snap77/lic_snap77.60.09.bmp,77,60,09,133,352,128,138,302,402
./snap77/lic_snap77.61.09.bmp,77,61,09,57,358,52,62,308,408
./snap77/lic_snap77.01.10.bmp,77,01,10,57,358,52,62,308,408
./snap77/lic_snap77.02.10.bmp,77,02,10,57,358,52,62,308,408
./snap77/lic_snap77.03.10.bmp,77,03,10,57,358,52,62,308,408
./snap77/lic_snap77.04.10.bmp,77,04,10,57,358,52,62,308,408
./snap77/lic_snap77.05.10.bmp,77,05,10,57,358,52,62,308,408
./snap77/lic_snap77.06.10.bmp,77,06,10,57,358,52,62,308,408
./snap77/lic_snap77.07.10.bmp,77,07,10,57,358,52,62,308,408
./snap77/lic_snap77.08.10.bmp,77,08,10,57,358,52,62,308,408
./snap77/lic_snap77.09.10.bmp,77,09,10,57,358,52,62,308,408
./snap77/lic_snap77.10.10.bmp,77,10,10,57,358,52,62,308,408
./snap77/lic_snap77.11.10.bmp,77,11,10,57,358,52,62,308,408
./snap77/lic_snap77.12.10.bmp,77,12,10,57,358,52,62,308,408
./snap77/lic_snap77.13.10.bmp,77,13,10,57,358,52,62,308,408
./snap77/lic_snap77.14.10.bmp,77,14,10,57,358,52,62,308,408
./snap77/lic_snap77.15.10.bmp,77,15,10,57,358,52,62,308,408
./snap77/lic_snap77.16.10.bmp,77,16,10,57,358,52,62,308,408
./snap77/lic_snap77.17.10.bmp,77,17,10,57,358,52,62,308,408
./snap77/lic_snap77.18.10.bmp,77,18,10,57,358,52,62,308,408
./snap77/lic_snap77.19.10.bmp,77,19,10,57,358,52,62,308,408
./snap77/lic_snap77.20.10.bmp,77,20,10,57,358,52,62,308,408
./snap77/lic_snap77.21.10.bmp,77,21,10,57,358,52,62,308,408
./snap77/lic_snap77.23.10.bmp,77,23,10,162,732,157,167,682,782
./snap77/lic_snap77.24.10.bmp,77,24,10,162,732,157,167,682,782
./snap77/lic_snap77.25.10.bmp,77,25,10,162,732,157,167,682,782
./snap77/lic_snap77.26.10.bmp,77,26,10,162,732,157,167,682,782
./snap77/lic_snap77.27.10.bmp,77,27,10,162,732,157,167,682,782
./snap77/lic_snap77.28.10.bmp,77,28,10,162,732,157,167,682,782
./snap77/lic_snap77.29.10.bmp,77,29,10,189,352,184,194,302,402
./snap77/lic_snap77.30.10.bmp,77,30,10,189,352,184,194,302,402
./snap77/lic_snap77.31.10.bmp,77,31,10,189,352,184,194,302,402
./snap77/lic_snap77.32.10.bmp,77,32,10,189,352,184,194,302,402
./snap77/lic_snap77.33.10.bmp,77,33,10,189,352,184,194,302,402
./snap77/lic_snap77.34.10.bmp,77,34,10,189,352,184,194,302,402
./snap77/lic_snap77.35.10.bmp,77,35,10,215,354,210,220,304,404
./snap77/lic_snap77.36.10.bmp,77,36,10,215,354,210,220,304,404
./snap77/lic_snap77.37.10.bmp,77,37,10,215,354,210,220,304,404
./snap77/lic_snap77.38.10.bmp,77,38,10,215,354,210,220,304,404
./snap77/lic_snap77.39.10.bmp,77,39,10,215,354,210,220,304,404
./snap77/lic_snap77.40.10.bmp,77,40,10,215,354,210,220,304,404
./snap77/lic_snap77.41.10.bmp,77,41,10,215,354,210,220,304,404
./snap77/lic_snap77.42.10.bmp,77,42,10,215,354,210,220,304,404
./snap77/lic_snap77.43.10.bmp,77,43,10,134,210,129,139,160,260
./snap77/lic_snap77.44.10.bmp,77,44,10,134,210,129,139,160,260
./snap77/lic_snap77.45.10.bmp,77,45,10,134,210,129,139,160,260
./snap77/lic_snap77.46.10.bmp,77,46,10,134,210,129,139,160,260
./snap77/lic_snap77.47.10.bmp,77,47,10,134,210,129,139,160,260
./snap77/lic_snap77.48.10.bmp,77,48,10,134,210,129,139,160,260
./snap77/lic_snap77.51.10.bmp,77,51,10,121,493,116,126,443,543
./snap77/lic_snap77.52.10.bmp,77,52,10,121,493,116,126,443,543
./snap77/lic_snap77.53.10.bmp,77,53,10,121,493,116,126,443,543
./snap77/lic_snap77.54.10.bmp,77,54,10,160,486,155,165,436,536
./snap77/lic_snap77.55.10.bmp,77,55,10,160,486,155,165,436,536
./snap77/lic_snap77.56.10.bmp,77,56,10,160,486,155,165,436,536
./snap77/lic_snap77.57.10.bmp,77,57,10,160,486,155,165,436,536
./snap77/lic_snap77.58.10.bmp,77,58,10,160,486,155,165,436,536
./snap77/lic_snap77.59.10.bmp,77,59,10,160,486,155,165,436,536
./snap77/lic_snap77.60.10.bmp,77,60,10,160,486,155,165,436,536
./snap77/lic_snap77.61.10.bmp,77,61,10,186,466,181,191,416,516
./snap77/lic_snap77.01.11.bmp,77,01,11,186,466,181,191,416,516
./snap77/lic_snap77.02.11.bmp,77,02,11,186,466,181,191,416,516
./snap77/lic_snap77.03.11.bmp,77,03,11,186,466,181,191,416,516
./snap77/lic_snap77.04.11.bmp,77,04,11,186,466,181,191,416,516
./snap77/lic_snap77.05.11.bmp,77,05,11,186,466,181,191,416,516
./snap77/lic_snap77.06.11.bmp,77,06,11,186,466,181,191,416,516
./snap77/lic_snap77.08.11.bmp,77,08,11,186,466,181,191,416,516
./snap77/lic_snap77.08.11.bmp,77,08,11,219,482,214,224,432,532
./snap77/lic_snap77.09.11.bmp,77,09,11,219,482,214,224,432,532
./snap77/lic_snap77.10.11.bmp,77,10,11,219,482,214,224,432,532
./snap77/lic_snap77.11.11.bmp,77,11,11,219,482,214,224,432,532
./snap77/lic_snap77.12.11.bmp,77,12,11,219,482,214,224,432,532
./snap77/lic_snap77.13.11.bmp,77,13,11,219,482,214,224,432,532
./snap77/lic_snap77.14.11.bmp,77,14,11,219,482,214,224,432,532
./snap77/lic_snap77.15.11.bmp,77,15,11,219,482,214,224,432,532
./snap77/lic_snap77.16.11.bmp,77,16,11,219,482,214,224,432,532
./snap77/lic_snap77.17.11.bmp,77,17,11,219,482,214,224,432,532
./snap77/lic_snap77.18.11.bmp,77,18,11,219,482,214,224,432,532
./snap77/lic_snap77.19.11.bmp,77,19,11,219,482,214,224,432,532
./snap77/lic_snap77.20.11.bmp,77,20,11,219,482,214,224,432,532
./snap77/lic_snap77.21.11.bmp,77,21,11,219,482,214,224,432,532
./snap77/lic_snap77.23.11.bmp,77,23,11,239,473,234,244,423,523
./snap77/lic_snap77.24.11.bmp,77,24,11,239,473,234,244,423,523
./snap77/lic_snap77.25.11.bmp,77,25,11,239,473,234,244,423,523
./snap77/lic_snap77.26.11.bmp,77,26,11,239,473,234,244,423,523
./snap77/lic_snap77.27.11.bmp,77,27,11,239,473,234,244,423,523
./snap77/lic_snap77.28.11.bmp,77,28,11,241,466,236,246,416,516
./snap77/lic_snap77.29.11.bmp,77,29,11,241,466,236,246,416,516
./snap77/lic_snap77.30.11.bmp,77,30,11,241,466,236,246,416,516
./snap77/lic_snap77.31.11.bmp,77,31,11,241,466,236,246,416,516
./snap77/lic_snap77.32.11.bmp,77,32,11,241,466,236,246,416,516
./snap77/lic_snap77.33.11.bmp,77,33,11,241,466,236,246,416,516
./snap77/lic_snap77.34.11.bmp,77,34,11,241,466,236,246,416,516
./snap77/lic_snap77.37.11.bmp,77,37,11,240,669,235,245,619,719
./snap77/lic_snap77.38.11.bmp,77,38,11,240,669,235,245,619,719
./snap77/lic_snap77.39.11.bmp,77,39,11,240,669,235,245,619,719
./snap77/lic_snap77.40.11.bmp,77,40,11,240,669,235,245,619,719
./snap77/lic_snap77.41.11.bmp,77,41,11,240,669,235,245,619,719
./snap77/lic_snap77.42.11.bmp,77,42,11,240,669,235,245,619,719
./snap77/lic_snap77.43.11.bmp,77,43,11,240,669,235,245,619,719
./snap77/lic_snap77.44.11.bmp,77,44,11,240,669,235,245,619,719
./snap77/lic_snap77.45.11.bmp,77,45,11,240,669,235,245,619,719
./snap77/lic_snap77.46.11.bmp,77,46,11,240,669,235,245,619,719
./snap77/lic_snap77.47.11.bmp,77,47,11,240,669,235,245,619,719
./snap77/lic_snap77.48.11.bmp,77,48,11,240,669,235,245,619,719
./snap77/lic_snap77.50.11.bmp,77,50,11,240,669,235,245,619,719
./snap77/lic_snap77.51.11.bmp,77,51,11,240,669,235,245,619,719
./snap77/lic_snap77.52.11.bmp,77,52,11,240,669,235,245,619,719
./snap77/lic_snap77.55.11.bmp,77,55,11,240,669,235,245,619,719
./snap77/lic_snap77.56.11.bmp,77,56,11,240,669,235,245,619,719
./snap77/lic_snap77.57.11.bmp,77,57,11,240,669,235,245,619,719
./snap77/lic_snap77.58.11.bmp,77,58,11,240,669,235,245,619,719
./snap77/lic_snap77.59.11.bmp,77,59,11,240,669,235,245,619,719
./snap77/lic_snap77.60.11.bmp,77,60,11,240,669,235,245,619,719
./snap77/lic_snap77.62.11.bmp,77,62,11,91,457,86,96,407,507
./snap77/lic_snap77.01.12.bmp,77,01,12,91,457,86,96,407,507
./snap77/lic_snap77.02.12.bmp,77,02,12,91,457,86,96,407,507
./snap77/lic_snap77.03.12.bmp,77,03,12,91,457,86,96,407,507
./snap77/lic_snap77.04.12.bmp,77,04,12,91,457,86,96,407,507
./snap77/lic_snap77.05.12.bmp,77,05,12,91,457,86,96,407,507
./snap77/lic_snap77.06.12.bmp,77,06,12,91,457,86,96,407,507
./snap77/lic_snap77.07.12.bmp,77,07,12,91,457,86,96,407,507
./snap77/lic_snap77.08.12.bmp,77,08,12,91,457,86,96,407,507
./snap77/lic_snap77.09.12.bmp,77,09,12,91,457,86,96,407,507
./snap77/lic_snap77.10.12.bmp,77,10,12,91,457,86,96,407,507
./snap77/lic_snap77.12.12.bmp,77,12,12,91,457,86,96,407,507
./snap77/lic_snap77.13.12.bmp,77,13,12,91,457,86,96,407,507
./snap77/lic_snap77.15.12.bmp,77,15,12,120,486,115,125,436,536
./snap77/lic_snap77.16.12.bmp,77,16,12,120,486,115,125,436,536
./snap77/lic_snap77.01.13.bmp,77,01,13,120,486,115,125,436,536
./snap77/lic_snap77.02.13.bmp,77,02,13,120,486,115,125,436,536
./snap77/lic_snap77.03.13.bmp,77,03,13,120,486,115,125,436,536
./snap77/lic_snap77.04.13.bmp,77,04,13,120,486,115,125,436,536
./snap77/lic_snap77.05.13.bmp,77,05,13,120,486,115,125,436,536
./snap77/lic_snap77.06.13.bmp,77,06,13,120,486,115,125,436,536
./snap77/lic_snap77.07.13.bmp,77,07,13,120,486,115,125,436,536
./snap77/lic_snap77.01.14.bmp,77,01,14,120,486,115,125,436,536
./snap77/lic_snap77.07.13.bmp,77,07,13,200,611,195,205,561,661
./snap77/lic_snap77.06.13.bmp,77,06,13,200,611,195,205,561,661
./snap77/lic_snap77.05.13.bmp,77,05,13,200,611,195,205,561,661
./snap77/lic_snap77.04.13.bmp,77,04,13,200,611,195,205,561,661
./snap77/lic_snap77.03.13.bmp,77,03,13,200,611,195,205,561,661
./snap77/lic_snap77.02.13.bmp,77,02,13,200,611,195,205,561,661
./snap77/lic_snap77.01.13.bmp,77,01,13,200,611,195,205,561,661
./snap77/lic_snap77.16.12.bmp,77,16,12,200,611,195,205,561,661
./snap77/lic_snap77.13.12.bmp,77,13,12,208,579,203,213,529,629
./snap77/lic_snap77.12.12.bmp,77,12,12,208,579,203,213,529,629
./snap77/lic_snap77.11.12.bmp,77,11,12,208,579,203,213,529,629
./snap77/lic_snap77.10.12.bmp,77,10,12,208,579,203,213,529,629
./snap77/lic_snap77.09.12.bmp,77,09,12,208,579,203,213,529,629
./snap77/lic_snap77.08.12.bmp,77,08,12,208,579,203,213,529,629
./snap77/lic_snap77.07.12.bmp,77,07,12,208,579,203,213,529,629
./snap77/lic_snap77.06.12.bmp,77,06,12,208,579,203,213,529,629
./snap77/lic_snap77.04.12.bmp,77,04,12,208,579,203,213,529,629
./snap77/lic_snap77.03.12.bmp,77,03,12,208,579,203,213,529,629
./snap77/lic_snap77.01.12.bmp,77,01,12,208,579,203,213,529,629
./snap77/lic_snap77.02.12.bmp,77,02,12,208,579,203,213,529,629
./snap77/lic_snap77.62.11.bmp,77,62,11,194,592,189,199,542,642
./snap77/lic_snap77.61.11.bmp,77,61,11,194,592,189,199,542,642
./snap77/lic_snap77.60.11.bmp,77,60,11,194,592,189,199,542,642
./snap77/lic_snap77.58.11.bmp,77,58,11,182,619,177,187,569,669
./snap77/lic_snap77.57.11.bmp,77,57,11,182,619,177,187,569,669
./snap77/lic_snap77.56.11.bmp,77,56,11,182,619,177,187,569,669
./snap77/lic_snap77.55.11.bmp,77,55,11,182,619,177,187,569,669
./snap77/lic_snap77.54.11.bmp,77,54,11,182,619,177,187,569,669
./snap77/lic_snap77.53.11.bmp,77,53,11,182,619,177,187,569,669
./snap77/lic_snap77.52.11.bmp,77,52,11,182,619,177,187,569,669
./snap77/lic_snap77.51.11.bmp,77,51,11,182,619,177,187,569,669
./snap77/lic_snap77.50.11.bmp,77,50,11,182,619,177,187,569,669
./snap77/lic_snap77.48.11.bmp,77,48,11,168,615,163,173,565,665
./snap77/lic_snap77.47.11.bmp,77,47,11,168,615,163,173,565,665
./snap77/lic_snap77.46.11.bmp,77,46,11,168,615,163,173,565,665
./snap77/lic_snap77.45.11.bmp,77,45,11,168,615,163,173,565,665
./snap77/lic_snap77.44.11.bmp,77,44,11,168,615,163,173,565,665
./snap77/lic_snap77.43.11.bmp,77,43,11,168,615,163,173,565,665
./snap77/lic_snap77.42.11.bmp,77,42,11,168,615,163,173,565,665
./snap77/lic_snap77.41.11.bmp,77,41,11,168,615,163,173,565,665
./snap77/lic_snap77.40.11.bmp,77,40,11,168,615,163,173,565,665
./snap77/lic_snap77.39.11.bmp,77,39,11,168,615,163,173,565,665
./snap77/lic_snap77.38.11.bmp,77,38,11,168,615,163,173,565,665
./snap77/lic_snap77.37.11.bmp,77,37,11,168,615,163,173,565,665
./snap77/lic_snap77.36.11.bmp,77,36,11,168,615,163,173,565,665
./snap77/lic_snap77.35.11.bmp,77,35,11,168,615,163,173,565,665
./snap77/lic_snap77.34.11.bmp,77,34,11,168,615,163,173,565,665
./snap77/lic_snap77.33.11.bmp,77,33,11,168,615,163,173,565,665
./snap77/lic_snap77.32.11.bmp,77,32,11,168,615,163,173,565,665
./snap77/lic_snap77.31.11.bmp,77,31,11,168,615,163,173,565,665
./snap77/lic_snap77.30.11.bmp,77,30,11,168,615,163,173,565,665
./snap77/lic_snap77.29.11.bmp,77,29,11,153,615,148,158,565,665
./snap77/lic_snap77.27.11.bmp,77,27,11,153,615,148,158,565,665
./snap77/lic_snap77.26.11.bmp,77,26,11,153,615,148,158,565,665
./snap77/lic_snap77.25.11.bmp,77,25,11,153,615,148,158,565,665
./snap77/lic_snap77.24.11.bmp,77,24,11,153,615,148,158,565,665
./snap77/lic_snap77.23.11.bmp,77,23,11,153,615,148,158,565,665
./snap77/lic_snap77.22.11.bmp,77,22,11,153,615,148,158,565,665
./snap77/lic_snap77.21.11.bmp,77,21,11,153,615,148,158,565,665
./snap77/lic_snap77.19.11.bmp,77,19,11,141,599,136,146,549,649
./snap77/lic_snap77.18.11.bmp,77,18,11,141,599,136,146,549,649
./snap77/lic_snap77.17.11.bmp,77,17,11,141,599,136,146,549,649
./snap77/lic_snap77.15.11.bmp,77,15,11,133,656,128,138,606,706
./snap77/lic_snap77.14.11.bmp,77,14,11,133,656,128,138,606,706
./snap77/lic_snap77.13.11.bmp,77,13,11,133,656,128,138,606,706
./snap77/lic_snap77.12.11.bmp,77,12,11,133,656,128,138,606,706
./snap77/lic_snap77.11.11.bmp,77,11,11,133,656,128,138,606,706
./snap77/lic_snap77.10.11.bmp,77,10,11,133,656,128,138,606,706
./snap77/lic_snap77.09.11.bmp,77,09,11,133,656,128,138,606,706
./snap77/lic_snap77.08.11.bmp,77,08,11,133,656,128,138,606,706
./snap77/lic_snap77.07.11.bmp,77,07,11,133,656,128,138,606,706
./snap77/lic_snap77.06.11.bmp,77,06,11,133,656,128,138,606,706
./snap77/lic_snap77.05.11.bmp,77,05,11,133,656,128,138,606,706
./snap77/lic_snap77.04.11.bmp,77,04,11,133,656,128,138,606,706
./snap77/lic_snap77.03.11.bmp,77,03,11,133,656,128,138,606,706
./snap77/lic_snap77.02.11.bmp,77,02,11,133,656,128,138,606,706
./snap77/lic_snap77.01.11.bmp,77,01,11,133,656,128,138,606,706
./snap77/lic_snap77.61.10.bmp,77,61,10,133,656,128,138,606,706
./snap77/lic_snap77.60.10.bmp,77,60,10,133,656,128,138,606,706
./snap77/lic_snap77.59.10.bmp,77,59,10,133,656,128,138,606,706
./snap77/lic_snap77.58.10.bmp,77,58,10,133,656,128,138,606,706
./snap77/lic_snap77.57.10.bmp,77,57,10,133,656,128,138,606,706
./snap77/lic_snap77.56.10.bmp,77,56,10,120,664,115,125,614,714
./snap77/lic_snap77.55.10.bmp,77,55,10,120,664,115,125,614,714
./snap77/lic_snap77.54.10.bmp,77,54,10,120,664,115,125,614,714
./snap77/lic_snap77.53.10.bmp,77,53,10,120,664,115,125,614,714
./snap77/lic_snap77.52.10.bmp,77,52,10,120,664,115,125,614,714
./snap77/lic_snap77.51.10.bmp,77,51,10,120,664,115,125,614,714
./snap77/lic_snap77.50.10.bmp,77,50,10,120,664,115,125,614,714
./snap77/lic_snap77.49.10.bmp,77,49,10,120,664,115,125,614,714
./snap77/lic_snap77.48.10.bmp,77,48,10,120,664,115,125,614,714
./snap77/lic_snap77.47.10.bmp,77,47,10,120,664,115,125,614,714
./snap77/lic_snap77.46.10.bmp,77,46,10,120,664,115,125,614,714
./snap77/lic_snap77.45.10.bmp,77,45,10,120,664,115,125,614,714
./snap77/lic_snap77.44.10.bmp,77,44,10,120,664,115,125,614,714
./snap77/lic_snap77.43.10.bmp,77,43,10,120,664,115,125,614,714
./snap77/lic_snap77.42.10.bmp,77,42,10,120,664,115,125,614,714
./snap77/lic_snap77.41.10.bmp,77,41,10,120,664,115,125,614,714
./snap77/lic_snap77.40.10.bmp,77,40,10,120,664,115,125,614,714
./snap77/lic_snap77.39.10.bmp,77,39,10,120,664,115,125,614,714
./snap77/lic_snap77.38.10.bmp,77,38,10,120,664,115,125,614,714
./snap77/lic_snap77.37.10.bmp,77,37,10,120,664,115,125,614,714
./snap77/lic_snap77.36.10.bmp,77,36,10,120,664,115,125,614,714
./snap77/lic_snap77.35.10.bmp,77,35,10,120,664,115,125,614,714
./snap77/lic_snap77.34.10.bmp,77,34,10,120,664,115,125,614,714
./snap77/lic_snap77.33.10.bmp,77,33,10,120,664,115,125,614,714
./snap77/lic_snap77.32.10.bmp,77,32,10,120,664,115,125,614,714
./snap77/lic_snap77.31.10.bmp,77,31,10,120,664,115,125,614,714
./snap77/lic_snap77.30.10.bmp,77,30,10,120,664,115,125,614,714
./snap77/lic_snap77.29.10.bmp,77,29,10,120,664,115,125,614,714
./snap77/lic_snap77.28.10.bmp,77,28,10,120,664,115,125,614,714
./snap77/lic_snap77.27.10.bmp,77,27,10,120,664,115,125,614,714
./snap77/lic_snap77.26.10.bmp,77,26,10,120,664,115,125,614,714
./snap77/lic_snap77.25.10.bmp,77,25,10,120,664,115,125,614,714
./snap77/lic_snap77.24.10.bmp,77,24,10,120,664,115,125,614,714
./snap77/lic_snap77.23.10.bmp,77,23,10,120,664,115,125,614,714
./snap77/lic_snap77.22.10.bmp,77,22,10,120,664,115,125,614,714
./snap77/lic_snap77.21.10.bmp,77,21,10,120,664,115,125,614,714
./snap77/lic_snap77.20.10.bmp,77,20,10,120,664,115,125,614,714
./snap77/lic_snap77.19.10.bmp,77,19,10,120,664,115,125,614,714
./snap77/lic_snap77.18.10.bmp,77,18,10,120,664,115,125,614,714
./snap77/lic_snap77.17.10.bmp,77,17,10,120,664,115,125,614,714
./snap77/lic_snap77.16.10.bmp,77,16,10,120,664,115,125,614,714
./snap77/lic_snap77.15.10.bmp,77,15,10,120,664,115,125,614,714
./snap77/lic_snap77.14.10.bmp,77,14,10,120,664,115,125,614,714
./snap77/lic_snap77.13.10.bmp,77,13,10,91,610,86,96,560,660
./snap77/lic_snap77.11.10.bmp,77,11,10,91,610,86,96,560,660
./snap77/lic_snap77.10.10.bmp,77,10,10,91,610,86,96,560,660
./snap77/lic_snap77.09.10.bmp,77,09,10,91,610,86,96,560,660
./snap77/lic_snap77.08.10.bmp,77,08,10,91,610,86,96,560,660
./snap77/lic_snap77.07.10.bmp,77,07,10,91,610,86,96,560,660
./snap77/lic_snap77.06.10.bmp,77,06,10,91,610,86,96,560,660
./snap77/lic_snap77.05.10.bmp,77,05,10,91,610,86,96,560,660
./snap77/lic_snap77.04.10.bmp,77,04,10,91,610,86,96,560,660
./snap77/lic_snap77.03.10.bmp,77,03,10,91,610,86,96,560,660
./snap77/lic_snap77.02.10.bmp,77,02,10,91,610,86,96,560,660
./snap77/lic_snap77.01.10.bmp,77,01,10,91,610,86,96,560,660
./snap77/lic_snap77.62.09.bmp,77,62,09,91,610,86,96,560,660
./snap77/lic_snap77.61.09.bmp,77,61,09,91,610,86,96,560,660
./snap77/lic_snap77.60.09.bmp,77,60,09,91,610,86,96,560,660
./snap77/lic_snap77.59.09.bmp,77,59,09,91,610,86,96,560,660
./snap77/lic_snap77.58.09.bmp,77,58,09,91,610,86,96,560,660
./snap77/lic_snap77.57.09.bmp,77,57,09,91,610,86,96,560,660
./snap77/lic_snap77.56.09.bmp,77,56,09,91,610,86,96,560,660
./snap77/lic_snap77.55.09.bmp,77,55,09,91,610,86,96,560,660
./snap77/lic_snap77.54.09.bmp,77,54,09,91,610,86,96,560,660
./snap77/lic_snap77.53.09.bmp,77,53,09,91,610,86,96,560,660
./snap77/lic_snap77.52.09.bmp,77,52,09,91,610,86,96,560,660
./snap77/lic_snap77.51.09.bmp,77,51,09,91,610,86,96,560,660
./snap77/lic_snap77.50.09.bmp,77,50,09,91,610,86,96,560,660
./snap77/lic_snap77.49.09.bmp,77,49,09,91,610,86,96,560,660
./snap77/lic_snap77.48.09.bmp,77,48,09,91,610,86,96,560,660
./snap77/lic_snap77.47.09.bmp,77,47,09,91,610,86,96,560,660
./snap77/lic_snap77.46.09.bmp,77,46,09,91,610,86,96,560,660
./snap77/lic_snap77.45.09.bmp,77,45,09,91,610,86,96,560,660
./snap77/lic_snap77.44.09.bmp,77,44,09,91,610,86,96,560,660
./snap77/lic_snap77.43.09.bmp,77,43,09,91,610,86,96,560,660
./snap77/lic_snap77.42.09.bmp,77,42,09,91,610,86,96,560,660
./snap77/lic_snap77.41.09.bmp,77,41,09,91,610,86,96,560,660
./snap77/lic_snap77.40.09.bmp,77,40,09,91,610,86,96,560,660
./snap77/lic_snap77.39.09.bmp,77,39,09,91,610,86,96,560,660
./snap77/lic_snap77.38.09.bmp,77,38,09,91,610,86,96,560,660
./snap77/lic_snap77.37.09.bmp,77,37,09,91,610,86,96,560,660
./snap77/lic_snap77.36.09.bmp,77,36,09,91,610,86,96,560,660
./snap77/lic_snap77.35.09.bmp,77,35,09,91,610,86,96,560,660
./snap77/lic_snap77.34.09.bmp,77,34,09,91,610,86,96,560,660
./snap77/lic_snap77.33.09.bmp,77,33,09,91,610,86,96,560,660
./snap77/lic_snap77.32.09.bmp,77,32,09,91,610,86,96,560,660
./snap77/lic_snap77.31.09.bmp,77,31,09,91,610,86,96,560,660
./snap77/lic_snap77.30.09.bmp,77,30,09,91,610,86,96,560,660
./snap77/lic_snap77.29.09.bmp,77,29,09,91,610,86,96,560,660
./snap77/lic_snap77.28.09.bmp,77,28,09,39,624,34,44,574,674
./snap77/lic_snap77.27.09.bmp,77,27,09,39,624,34,44,574,674
./snap77/lic_snap77.26.09.bmp,77,26,09,39,624,34,44,574,674
./snap77/lic_snap77.25.09.bmp,77,25,09,39,624,34,44,574,674
./snap77/lic_snap77.24.09.bmp,77,24,09,39,624,34,44,574,674
./snap77/lic_snap77.23.09.bmp,77,23,09,39,624,34,44,574,674
./snap77/lic_snap77.22.09.bmp,77,22,09,39,624,34,44,574,674
./snap77/lic_snap77.21.09.bmp,77,21,09,39,624,34,44,574,674
./snap77/lic_snap77.20.09.bmp,77,20,09,39,624,34,44,574,674
./snap77/lic_snap77.19.09.bmp,77,19,09,39,624,34,44,574,674
./snap77/lic_snap77.18.09.bmp,77,18,09,39,624,34,44,574,674
./snap77/lic_snap77.17.09.bmp,77,17,09,39,624,34,44,574,674
./snap77/lic_snap77.16.09.bmp,77,16,09,39,624,34,44,574,674
./snap77/lic_snap77.15.09.bmp,77,15,09,39,624,34,44,574,674
./snap77/lic_snap77.14.09.bmp,77,14,09,39,624,34,44,574,674
./snap77/lic_snap77.13.09.bmp,77,13,09,39,624,34,44,574,674
./snap77/lic_snap77.12.09.bmp,77,12,09,39,624,34,44,574,674
./snap77/lic_snap77.11.09.bmp,77,11,09,39,624,34,44,574,674
./snap77/lic_snap77.10.09.bmp,77,10,09,39,624,34,44,574,674
./snap77/lic_snap77.09.09.bmp,77,09,09,39,624,34,44,574,674
./snap77/lic_snap77.08.09.bmp,77,08,09,39,624,34,44,574,674
./snap77/lic_snap77.07.09.bmp,77,07,09,39,624,34,44,574,674
./snap77/lic_snap77.06.09.bmp,77,06,09,39,624,34,44,574,674
./snap77/lic_snap77.05.09.bmp,77,05,09,39,624,34,44,574,674
./snap77/lic_snap77.04.09.bmp,77,04,09,39,624,34,44,574,674
./snap77/lic_snap77.03.09.bmp,77,03,09,39,624,34,44,574,674
./snap77/lic_snap77.02.09.bmp,77,02,09,39,624,34,44,574,674
./snap77/lic_snap77.01.09.bmp,77,01,09,39,624,34,44,574,674
./snap77/lic_snap77.62.08.bmp,77,62,08,39,624,34,44,574,674
./snap77/lic_snap77.61.08.bmp,77,61,08,39,624,34,44,574,674
./snap77/lic_snap77.60.08.bmp,77,60,08,39,624,34,44,574,674
./snap77/lic_snap77.58.08.bmp,77,58,08,11,604,6,16,554,654
./snap77/lic_snap77.57.08.bmp,77,57,08,11,604,6,16,554,654
./snap77/lic_snap77.56.08.bmp,77,56,08,11,604,6,16,554,654
./snap77/lic_snap77.55.08.bmp,77,55,08,11,604,6,16,554,654
./snap77/lic_snap77.54.08.bmp,77,54,08,11,604,6,16,554,654
./snap77/lic_snap77.53.08.bmp,77,53,08,11,604,6,16,554,654
./snap77/lic_snap77.52.08.bmp,77,52,08,11,604,6,16,554,654
./snap77/lic_snap77.52.08.bmp,77,52,08,19,628,14,24,578,678
./snap77/lic_snap77.51.08.bmp,77,51,08,19,628,14,24,578,678
./snap77/lic_snap77.50.08.bmp,77,50,08,19,628,14,24,578,678
./snap77/lic_snap77.49.08.bmp,77,49,08,19,628,14,24,578,678
./snap77/lic_snap77.48.08.bmp,77,48,08,19,628,14,24,578,678
./snap77/lic_snap77.46.08.bmp,77,46,08,19,628,14,24,578,678
./snap77/lic_snap77.45.08.bmp,77,45,08,19,628,14,24,578,678
./snap77/lic_snap77.44.08.bmp,77,44,08,19,628,14,24,578,678
./snap77/lic_snap77.43.08.bmp,77,43,08,19,628,14,24,578,678
./snap77/lic_snap77.42.08.bmp,77,42,08,19,628,14,24,578,678
./snap77/lic_snap77.41.08.bmp,77,41,08,19,628,14,24,578,678
./snap77/lic_snap77.40.08.bmp,77,40,08,19,628,14,24,578,678
./snap77/lic_snap77.39.08.bmp,77,39,08,19,628,14,24,578,678
./snap77/lic_snap77.38.08.bmp,77,38,08,19,628,14,24,578,678
./snap77/lic_snap77.37.08.bmp,77,37,08,19,628,14,24,578,678
./snap77/lic_snap77.36.08.bmp,77,36,08,19,628,14,24,578,678
./snap77/lic_snap77.35.08.bmp,77,35,08,19,628,14,24,578,678
./snap77/lic_snap77.34.08.bmp,77,34,08,19,628,14,24,578,678
./snap77/lic_snap77.33.08.bmp,77,33,08,19,628,14,24,578,678
./snap77/lic_snap77.32.08.bmp,77,32,08,19,628,14,24,578,678
./snap77/lic_snap77.31.08.bmp,77,31,08,19,628,14,24,578,678
./snap77/lic_snap77.30.08.bmp,77,30,08,19,628,14,24,578,678
./snap77/lic_snap77.29.08.bmp,77,29,08,19,628,14,24,578,678
./snap77/lic_snap77.28.08.bmp,77,28,08,19,628,14,24,578,678
./snap77/lic_snap77.27.08.bmp,77,27,08,19,628,14,24,578,678
./snap77/lic_snap77.26.08.bmp,77,26,08,19,628,14,24,578,678
./snap77/lic_snap77.25.08.bmp,77,25,08,19,628,14,24,578,678
./snap77/lic_snap77.25.08.bmp,77,25,08,12,325,7,17,275,375
./snap77/lic_snap77.26.08.bmp,77,26,08,12,325,7,17,275,375
./snap77/lic_snap77.27.08.bmp,77,27,08,12,325,7,17,275,375
./snap77/lic_snap77.28.08.bmp,77,28,08,12,325,7,17,275,375
./snap77/lic_snap77.29.08.bmp,77,29,08,12,325,7,17,275,375
./snap77/lic_snap77.30.08.bmp,77,30,08,12,475,7,17,425,525
./snap77/lic_snap77.31.08.bmp,77,31,08,12,475,7,17,425,525
./snap77/lic_snap77.32.08.bmp,77,32,08,12,475,7,17,425,525
./snap77/lic_snap77.34.08.bmp,77,34,08,22,442,17,27,392,492
./snap77/lic_snap77.35.08.bmp,77,35,08,22,442,17,27,392,492
./snap77/lic_snap77.36.08.bmp,77,36,08,22,442,17,27,392,492
./snap77/lic_snap77.37.08.bmp,77,37,08,22,442,17,27,392,492
./snap77/lic_snap77.38.08.bmp,77,38,08,22,442,17,27,392,492
./snap77/lic_snap77.40.08.bmp,77,40,08,22,442,17,27,392,492
./snap77/lic_snap77.41.08.bmp,77,41,08,40,480,35,45,430,530
./snap77/lic_snap77.42.08.bmp,77,42,08,40,480,35,45,430,530
./snap77/lic_snap77.43.08.bmp,77,43,08,40,480,35,45,430,530
./snap77/lic_snap77.44.08.bmp,77,44,08,64,502,59,69,452,552
./snap77/lic_snap77.45.08.bmp,77,45,08,64,477,59,69,427,527
./snap77/lic_snap77.46.08.bmp,77,46,08,64,477,59,69,427,527
./snap77/lic_snap77.47.08.bmp,77,47,08,64,477,59,69,427,527
./snap77/lic_snap77.48.08.bmp,77,48,08,64,477,59,69,427,527
./snap77/lic_snap77.49.08.bmp,77,49,08,64,477,59,69,427,527
./snap77/lic_snap77.50.08.bmp,77,50,08,64,477,59,69,427,527
./snap77/lic_snap77.51.08.bmp,77,51,08,64,477,59,69,427,527
./snap77/lic_snap77.52.08.bmp,77,52,08,64,477,59,69,427,527
./snap77/lic_snap77.54.08.bmp,77,54,08,64,477,59,69,427,527
./snap77/lic_snap77.55.08.bmp,77,55,08,76,460,71,81,410,510
./snap77/lic_snap77.56.08.bmp,77,56,08,76,460,71,81,410,510
./snap77/lic_snap77.57.08.bmp,77,57,08,76,460,71,81,410,510
./snap77/lic_snap77.58.08.bmp,77,58,08,76,460,71,81,410,510
./snap77/lic_snap77.59.08.bmp,77,59,08,76,460,71,81,410,510
./snap77/lic_snap77.60.08.bmp,77,60,08,76,460,71,81,410,510
./snap77/lic_snap77.61.08.bmp,77,61,08,76,460,71,81,410,510
./snap77/lic_snap77.01.09.bmp,77,01,09,76,460,71,81,410,510
./snap77/lic_snap77.02.09.bmp,77,02,09,76,460,71,81,410,510
./snap77/lic_snap77.03.09.bmp,77,03,09,76,460,71,81,410,510
./snap77/lic_snap77.04.09.bmp,77,04,09,76,460,71,81,410,510
./snap77/lic_snap77.05.09.bmp,77,05,09,76,460,71,81,410,510
./snap77/lic_snap77.07.09.bmp,77,07,09,105,446,100,110,396,496
./snap77/lic_snap77.08.09.bmp,77,08,09,105,446,100,110,396,496
./snap77/lic_snap77.09.09.bmp,77,09,09,105,446,100,110,396,496
./snap77/lic_snap77.10.09.bmp,77,10,09,105,446,100,110,396,496
./snap77/lic_snap77.11.09.bmp,77,11,09,105,446,100,110,396,496
./snap77/lic_snap77.12.09.bmp,77,12,09,105,446,100,110,396,496
./snap77/lic_snap77.13.09.bmp,77,13,09,105,446,100,110,396,496
./snap77/lic_snap77.15.09.bmp,77,15,09,105,446,100,110,396,496
./snap77/lic_snap77.16.09.bmp,77,16,09,105,446,100,110,396,496
./snap77/lic_snap77.17.09.bmp,77,17,09,105,446,100,110,396,496
./snap77/lic_snap77.19.09.bmp,77,19,09,115,498,110,120,448,548
./snap77/lic_snap77.20.09.bmp,77,20,09,115,498,110,120,448,548
./snap77/lic_snap77.21.09.bmp,77,21,09,115,498,110,120,448,548
./snap77/lic_snap77.22.09.bmp,77,22,09,115,498,110,120,448,548
./snap77/lic_snap77.23.09.bmp,77,23,09,115,498,110,120,448,548
./snap77/lic_snap77.24.09.bmp,77,24,09,115,498,110,120,448,548
./snap77/lic_snap77.25.09.bmp,77,25,09,115,498,110,120,448,548
./snap77/lic_snap77.26.09.bmp,77,26,09,115,498,110,120,448,548
./snap77/lic_snap77.26.09.bmp,77,26,09,123,502,118,128,452,552
./snap77/lic_snap77.27.09.bmp,77,27,09,123,502,118,128,452,552
./snap77/lic_snap77.28.09.bmp,77,28,09,123,502,118,128,452,552
./snap77/lic_snap77.29.09.bmp,77,29,09,123,502,118,128,452,552
./snap77/lic_snap77.30.09.bmp,77,30,09,123,502,118,128,452,552
./snap77/lic_snap77.33.09.bmp,77,33,09,153,487,148,158,437,537
./snap77/lic_snap77.34.09.bmp,77,34,09,161,477,156,166,427,527
./snap77/lic_snap77.35.09.bmp,77,35,09,161,477,156,166,427,527
./snap77/lic_snap77.36.09.bmp,77,36,09,161,477,156,166,427,527
./snap77/lic_snap77.37.09.bmp,77,37,09,161,477,156,166,427,527
./snap77/lic_snap77.37.09.bmp,77,37,09,139,450,134,144,400,500
./snap77/lic_snap77.38.09.bmp,77,38,09,139,450,134,144,400,500
./snap77/lic_snap77.39.09.bmp,77,39,09,139,450,134,144,400,500
./snap77/lic_snap77.40.09.bmp,77,40,09,139,450,134,144,400,500
./snap77/lic_snap77.41.09.bmp,77,41,09,139,450,134,144,400,500
./snap77/lic_snap77.43.09.bmp,77,43,09,142,601,137,147,551,651
./snap77/lic_snap77.44.09.bmp,77,44,09,142,601,137,147,551,651
./snap77/lic_snap77.45.09.bmp,77,45,09,102,655,97,107,605,705
./snap77/lic_snap77.46.09.bmp,77,46,09,102,655,97,107,605,705
./snap77/lic_snap77.47.09.bmp,77,47,09,102,655,97,107,605,705
./snap77/lic_snap77.48.09.bmp,77,48,09,102,655,97,107,605,705
./snap77/lic_snap77.49.09.bmp,77,49,09,102,655,97,107,605,705
./snap77/lic_snap77.50.09.bmp,77,50,09,87,164,82,92,114,214
./snap77/lic_snap77.51.09.bmp,77,51,09,87,164,82,92,114,214
./snap77/lic_snap77.52.09.bmp,77,52,09,87,164,82,92,114,214
./snap77/lic_snap77.53.09.bmp,77,53,09,59,694,54,64,644,744
./snap77/lic_snap77.54.09.bmp,77,54,09,59,694,54,64,644,744
./snap77/lic_snap77.56.09.bmp,77,56,09,65,469,60,70,419,519
./snap77/lic_snap77.57.09.bmp,77,57,09,65,469,60,70,419,519
./snap77/lic_snap77.58.09.bmp,77,58,09,65,469,60,70,419,519
./snap77/lic_snap77.59.09.bmp,77,59,09,65,469,60,70,419,519
./snap77/lic_snap77.61.09.bmp,77,61,09,65,469,60,70,419,519
./snap77/lic_snap77.62.09.bmp,77,62,09,65,469,60,70,419,519
./snap77/lic_snap77.01.10.bmp,77,01,10,65,469,60,70,419,519
./snap77/lic_snap77.02.10.bmp,77,02,10,65,469,60,70,419,519
